frame,numero_pers,distance_x,distance_y,distance_z
0,0,-11.823105000000002,180.49228499999998,0
0,1,352.241225,-112.99414,0
0,2,-99.60322,-291.80401,0
0,3,128.3009475,-1252.89545,0
0,4,325.41846,-1125.1186,0
0,5,194.50475,-1163.22995,0
0,6,259.99617,-1200.87655,0
0,7,-160.21441,-1167.9069,0
0,8,-691.4744000000001,-1505.22615,0
0,9,-233.09024,-1149.85815,0
0,10,-316.443815,-1175.9141,0
0,11,-420.75296000000003,-1045.73235,0
0,12,-382.8458,-110.65724,0
0,13,-722.6334,-1214.7699,0
1,0,-12.241805000000003,178.936775,0
1,1,352.368065,-112.89526000000001,0
1,2,-100.45622499999999,-291.9131,0
1,3,128.4022075,-1252.2287000000001,0
1,4,325.45448,-1125.39715,0
1,5,194.54503499999998,-1163.0708,0
1,6,260.09067500000003,-1200.03345,0
1,7,-160.16563,-1167.6086,0
1,8,-691.4069,-1504.77845,0
1,9,-232.953535,-1149.9562500000002,0
1,10,-316.4348,-1175.7608500000001,0
1,11,-421.594865,-1052.8575,0
1,12,-382.8762,-110.83123,0
1,13,-722.5862,-1214.8751,0
2,0,-13.0648375,178.18505499999998,0
2,1,352.2989,-112.991265,0
2,2,-99.86838,-291.290205,0
2,3,126.72884499999999,-1203.14985,0
2,4,325.524155,-1125.8346999999999,0
2,5,194.53975,-1163.3193,0
2,6,260.180585,-1199.6203,0
2,7,-160.180245,-1167.6093,0
2,8,-691.4075,-1504.69965,0
2,9,-233.063125,-1149.95185,0
2,10,-316.446305,-1175.9078,0
2,11,-415.47772499999996,-1001.836725,0
2,12,-382.91687,-111.031075,0
2,13,-722.62616,-1215.1208,0
3,0,-14.1598595,179.534925,0
3,1,352.291965,-112.96856700000001,0
3,2,-100.656845,-291.07799,0
3,3,126.48081499999999,-1203.10735,0
3,4,325.16893,-1124.3310000000001,0
3,5,194.50727,-1163.1171,0
3,6,259.70356000000004,-1200.50105,0
3,7,-160.29315000000003,-1167.6266,0
3,8,-691.46803,-1505.2389,0
3,9,-232.955175,-1149.9729499999999,0
3,10,-316.55242,-1175.89705,0
3,11,-415.872215,-1006.91245,0
3,12,-382.95438,-111.282555,0
3,13,-722.6018,-1215.3044,0
4,0,-14.260661999999998,180.62730499999998,0
4,1,352.274025,-112.912623,0
4,2,-100.681775,-290.335595,0
4,3,128.28121,-1252.3177500000002,0
4,4,325.42406500000004,-1125.3531,0
4,5,194.52883500000002,-1163.0778500000001,0
4,6,259.71903000000003,-1201.22555,0
4,7,-159.98912,-1166.24845,0
4,8,-691.55198,-1505.35025,0
4,9,-232.965645,-1149.9261999999999,0
4,10,-316.56415,-1176.2611499999998,0
4,11,-416.180065,-1010.0194200000001,0
4,12,-382.95987,-111.321556,0
4,13,-722.645,-1215.6313,0
5,0,-14.2071335,180.844115,0
5,1,352.290545,-113.05895799999999,0
5,2,-100.892335,-289.921545,0
5,3,128.44068,-1252.9335,0
5,4,325.473205,-1125.03855,0
5,5,194.55448,-1162.8454000000002,0
5,6,259.90011499999997,-1203.3568,0
5,7,-160.14766,-1166.5836,0
5,8,-691.665825,-1505.3499000000002,0
5,9,-232.94724,-1150.1121,0
5,10,-316.49627999999996,-1176.2813,0
5,11,-415.89883499999996,-1006.0967,0
5,12,-382.97745,-111.34171,0
5,13,-722.6576,-1215.5939,0
6,0,-14.2134925,180.60076,0
6,1,352.29296999999997,-113.12396,0
6,2,-101.04708500000001,-289.9162,0
6,3,128.5663725,-1252.9288000000001,0
6,4,325.348495,-1124.4191999999998,0
6,5,194.5859,-1162.5913500000001,0
6,6,260.90371,-1203.6661,0
6,7,-160.13182,-1166.33195,0
6,8,-691.66215,-1505.3697499999998,0
6,9,-232.94269,-1150.0922,0
6,10,-316.489535,-1176.15985,0
6,11,-415.060135,-999.1695749999999,0
6,12,-382.97406,-111.36289,0
6,13,-722.6622,-1215.8784,0
7,0,-13.8577025,180.52243499999997,0
7,1,352.326465,-113.207645,0
7,2,-101.7655295,-289.5083,0
7,3,128.46614,-1253.0929,0
7,4,325.44009500000004,-1124.84455,0
7,5,194.577595,-1162.28395,0
7,6,260.331185,-1202.6015,0
7,7,-160.03132,-1166.37945,0
7,8,-691.6644,-1505.3757500000002,0
7,9,-232.95526999999998,-1149.87905,0
7,10,-316.59739,-1175.9823000000001,0
7,11,-419.45682999999997,-1038.08315,0
7,12,-382.96954,-111.33891,0
7,13,-722.6739,-1215.6431,0
8,0,-13.712612,180.370805,0
8,1,352.13832,-112.765815,0
8,2,-101.54657499999999,-289.96673499999997,0
8,3,128.461548,-1253.1930499999999,0
8,4,325.34965,-1124.3207,0
8,5,194.573305,-1162.4290999999998,0
8,6,261.232765,-1206.6688,0
8,7,-160.02834000000001,-1166.38385,0
8,8,-691.65,-1505.3935999999999,0
8,9,-232.949415,-1149.7863,0
8,10,-316.637925,-1176.4308500000002,0
8,11,-419.07368499999995,-1031.6153,0
8,12,-382.95758,-111.25368,0
8,13,-722.62646,-1215.941,0
9,0,-13.7637805,180.017515,0
9,1,352.217375,-113.306078,0
9,2,-101.920095,-289.85235,0
9,3,126.507735,-1203.3694,0
9,4,325.383385,-1124.39625,0
9,5,194.54459500000002,-1162.75735,0
9,6,260.87129,-1207.64415,0
9,7,-160.144515,-1166.559,0
9,8,-691.57995,-1504.8575999999998,0
9,9,-232.954185,-1149.81795,0
9,10,-316.58426499999996,-1176.6497,0
9,11,-419.68694,-1037.0444,0
9,12,-382.97565,-111.34584,0
9,13,-722.64484,-1215.8575,0
10,0,-13.759975,180.111955,0
10,1,352.207045,-113.299398,0
10,2,-101.713353,-289.28416,0
10,3,126.4879675,-1203.5365000000002,0
10,4,325.340725,-1124.17945,0
10,5,194.593915,-1162.73715,0
10,6,261.917245,-1209.71715,0
10,7,-160.139615,-1168.2184499999998,0
10,8,-691.58255,-1504.8557,0
10,9,-232.8854,-1149.7309500000001,0
10,10,-316.718665,-1176.8516,0
10,11,-419.626785,-1033.72305,0
10,12,-382.98386,-111.346855,0
10,13,-722.64935,-1215.7941,0
11,0,-13.759511500000002,180.169195,0
11,1,352.2448,-113.392315,0
11,2,-101.72618,-289.28538,0
11,3,126.48329,-1203.4263999999998,0
11,4,324.844695,-1122.7804999999998,0
11,5,194.642765,-1161.82065,0
11,6,261.8686,-1210.38735,0
11,7,-160.03879,-1166.66365,0
11,8,-691.58555,-1504.8636000000001,0
11,9,-232.9592,-1149.8472,0
11,10,-316.73832500000003,-1176.9762500000002,0
11,11,-418.25747,-1025.3779,0
11,12,-382.9818,-111.34942,0
11,13,-722.68286,-1216.0087,0
12,0,-13.7418345,180.467575,0
12,1,352.271755,-113.401145,0
12,2,-101.82765,-289.821905,0
12,3,126.475785,-1203.2793000000001,0
12,4,325.305165,-1124.18995,0
12,5,194.63960500000002,-1162.07745,0
12,6,261.357345,-1210.5951,0
12,7,-160.13458,-1166.4038500000001,0
12,8,-691.4657199999999,-1504.8563,0
12,9,-232.955785,-1149.7485,0
12,10,-331.452575,-1177.0121,0
12,11,-415.35864000000004,-1000.5561500000001,0
12,12,-382.98306,-111.346466,0
12,13,-722.68805,-1216.0872,0
13,0,-13.710901999999999,180.293585,0
13,1,352.154535,-112.381315,0
13,2,-101.7641295,-289.27749,0
13,3,126.37554499999999,-1203.2791,0
13,4,325.31617500000004,-1124.2776,0
13,5,194.59331,-1162.7169,0
13,6,261.14948,-1209.3521,0
13,7,-160.12907,-1166.3002000000001,0
13,8,-691.6643349999999,-1505.4042,0
13,9,-232.96024999999997,-1149.763,0
13,10,-331.455135,-1177.0759,0
13,11,-419.47963000000004,-1033.6799,0
13,12,-382.98447,-111.33697,0
13,13,-722.7781,-1216.0851,0
14,0,-13.738553999999999,180.21381,0
14,1,352.15347499999996,-112.367415,0
14,2,-101.51547,-289.25673,0
14,3,126.38417000000001,-1203.15915,0
14,4,325.31052,-1124.25755,0
14,5,194.637185,-1162.45715,0
14,6,261.164095,-1209.3735000000001,0
14,7,-160.00843,-1166.36515,0
14,8,-691.5528999999999,-1505.4117999999999,0
14,9,-232.953455,-1149.7626500000001,0
14,10,-331.45843,-1177.1147500000002,0
14,11,-418.70612,-1025.8103,0
14,12,-382.97638,-111.32249,0
14,13,-722.8385,-1216.1713,0
15,0,-13.9608275,180.483815,0
15,1,352.331465,-112.69702699999999,0
15,2,-101.67707,-289.103975,0
15,3,126.388702,-1203.1799999999998,0
15,4,325.4015,-1124.57735,0
15,5,194.622115,-1162.1684,0
15,6,261.18829,-1208.13215,0
15,7,-160.03372,-1166.85165,0
15,8,-691.589475,-1504.8896,0
15,9,-232.845175,-1149.783,0
15,10,-331.44169,-1176.8078500000001,0
15,11,-419.649675,-1032.5861,0
15,12,-382.97968,-111.33323,0
15,13,-722.8359,-1216.3942,0
16,0,-14.1250575,180.31808,0
16,1,352.38945,-113.18476100000001,0
16,2,-101.538535,-289.226855,0
16,3,126.38196,-1203.2309,0
16,4,325.34085000000005,-1124.3899999999999,0
16,5,194.60219,-1162.5044,0
16,6,261.732805,-1207.93725,0
16,7,-159.89582000000001,-1166.3869,0
16,8,-691.47235,-1504.8955,0
16,9,-232.959,-1149.72955,0
16,10,-331.45230000000004,-1177.1377,0
16,11,-418.79013,-1026.75545,0
16,12,-382.95825,-111.22784,0
16,13,-722.7897,-1216.414,0
17,0,-14.3365305,179.90737000000001,0
17,1,352.240585,-113.25205199999999,0
17,2,-100.967275,-288.48558,0
17,3,126.266085,-1203.3109,0
17,4,325.39766,-1124.6882500000002,0
17,5,194.620495,-1162.46485,0
17,6,261.47521,-1209.5949,0
17,7,-160.19513,-1167.75485,0
17,8,-691.5672750000001,-1505.43025,0
17,9,-232.943535,-1149.9145,0
17,10,-309.31629999999996,-1177.0995,0
17,11,-418.505865,-1022.4626000000001,0
17,12,-382.9289,-111.16977,0
17,13,-722.8101,-1215.9037,0
18,0,-14.133415,180.369735,0
18,1,352.400865,-113.16241500000001,0
18,2,-100.75680249999999,-288.884135,0
18,3,126.270555,-1203.3593,0
18,4,325.39793499999996,-1124.67525,0
18,5,194.61479,-1162.5489,0
18,6,261.47036,-1208.4125,0
18,7,-160.061985,-1166.19555,0
18,8,-691.6638,-1505.3727,0
18,9,-232.960685,-1150.002,0
18,10,-331.523865,-1176.8308,0
18,11,-417.98091,-1021.0912149999999,0
18,12,-383.11694,-111.46306,0
18,13,-722.8145,-1215.7417,0
19,0,-14.394698000000002,179.95479999999998,0
19,1,352.398865,-113.1312025,0
19,2,-100.770387,-289.50496499999997,0
19,3,126.399145,-1203.33485,0
19,4,325.420035,-1124.6207,0
19,5,194.714815,-1162.9323,0
19,6,261.44108,-1207.9088,0
19,7,-160.02015,-1166.22645,0
19,8,-691.74695,-1505.9113,0
19,9,-232.94596,-1149.9762500000002,0
19,10,-309.31291,-1176.834,0
19,11,-418.706725,-1026.23145,0
19,12,-383.10168,-111.3684,0
19,13,-722.8865,-1215.5494,0
20,0,-14.397192500000001,179.78279,0
20,1,352.45263,-113.13003499999999,0
20,2,-100.5761925,-289.4836,0
20,3,126.311555,-1203.7406,0
20,4,325.37796000000003,-1124.89815,0
20,5,194.638735,-1163.5652,0
20,6,261.5204,-1207.66155,0
20,7,-156.9719,-1168.0423500000002,0
20,8,-691.60055,-1504.8632,0
20,9,-232.929325,-1149.83795,0
20,10,-309.289105,-1176.73505,0
20,11,-412.54472499999997,-971.383825,0
20,12,-383.3717,-111.86573,0
20,13,-722.99115,-1215.1672,0
21,0,-14.440362999999998,180.38807,0
21,1,352.471815,-113.171255,0
21,2,-100.75800000000001,-288.873415,0
21,3,126.426695,-1203.6592500000002,0
21,4,325.49575000000004,-1124.97425,0
21,5,194.59669,-1162.8835,0
21,6,261.488885,-1208.1826500000002,0
21,7,-160.22965,-1168.076,0
21,8,-691.6287,-1504.8418000000001,0
21,9,-232.95129500000002,-1149.7945,0
21,10,-331.4731,-1176.7192,0
21,11,-417.97899,-1020.2284000000001,0
21,12,-383.38354,-111.884415,0
21,13,-722.9583,-1215.2639,0
22,0,-14.215822000000001,181.26298500000001,0
22,1,352.472595,-113.14664,0
22,2,-100.7632575,-288.808375,0
22,3,126.30172,-1203.6361,0
22,4,325.499495,-1125.0167999999999,0
22,5,194.607015,-1163.1082999999999,0
22,6,261.48543,-1208.3641499999999,0
22,7,-160.14477,-1166.455,0
22,8,-684.16535,-1458.7593,0
22,9,-232.942335,-1149.7566499999998,0
22,10,-331.50133500000004,-1176.7596,0
22,11,-414.78342999999995,-996.3646249999999,0
22,12,-383.39346,-111.92554,0
22,13,-722.9712,-1215.1593,0
23,0,-13.9703445,181.99542,0
23,1,352.49288,-113.21774500000001,0
23,2,-100.962895,-289.458815,0
23,3,126.19808,-1203.89375,0
23,4,325.507125,-1125.0675,0
23,5,194.59662500000002,-1163.27825,0
23,6,261.463975,-1208.0835,0
23,7,-160.182785,-1167.7291,0
23,8,-691.582625,-1504.83015,0
23,9,-232.93896,-1149.7774,0
23,10,-309.302375,-1176.821,0
23,11,-415.121975,-1000.87185,0
23,12,-383.4084,-111.94796,0
23,13,-722.98175,-1214.7803,0
24,0,-13.676663999999999,181.785685,0
24,1,352.368405,-113.34782799999999,0
24,2,-100.96239750000001,-289.513785,0
24,3,126.21039999999999,-1203.88125,0
24,4,325.452635,-1124.8033,0
24,5,194.563065,-1163.6028999999999,0
24,6,261.4679,-1207.9810499999999,0
24,7,-160.11319,-1166.3024500000001,0
24,8,-691.58178,-1504.8299000000002,0
24,9,-232.93547,-1149.8527,0
24,10,-309.32495,-1176.94195,0
24,11,-414.631135,-994.3045999999999,0
24,12,-383.4438,-112.02825,0
24,13,-723.0482,-1214.8307,0
25,0,-13.696018,181.63785000000001,0
25,1,352.34263999999996,-113.247805,0
25,2,-100.79294999999999,-289.410555,0
25,3,126.20179,-1204.0408499999999,0
25,4,325.39877,-1123.35945,0
25,5,194.81867499999998,-1163.9577,0
25,6,261.4921,-1208.5677500000002,0
25,7,-160.03726,-1166.8011999999999,0
25,8,-691.3723500000001,-1504.8566,0
25,9,-232.89068,-1149.8688499999998,0
25,10,-309.332915,-1177.1664500000002,0
25,11,-415.53102,-1004.9882,0
25,12,-383.32047,-111.838326,0
25,13,-715.62396,-1213.94085,0
26,0,-14.318217500000001,179.61336999999997,0
26,1,352.255495,-113.22610499999999,0
26,2,-100.8485575,-289.60663,0
26,3,126.428535,-1204.0283,0
26,4,325.54298,-1123.11645,0
26,5,194.24455999999998,-1164.4666499999998,0
26,6,261.427115,-1208.8742499999998,0
26,7,-160.066915,-1167.7370500000002,0
26,8,-691.41075,-1504.8897499999998,0
26,9,-232.935405,-1149.8604,0
26,10,-331.524775,-1176.8117,0
26,11,-412.71372499999995,-976.17575,0
26,12,-383.29004,-111.82416,0
26,13,-707.627925,-1214.915,0
27,0,-14.377365000000001,178.81357500000001,0
27,1,352.340715,-113.0917025,0
27,2,-101.43952949999999,-289.35130499999997,0
27,3,126.427685,-1204.2548499999998,0
27,4,325.43084999999996,-1122.9917500000001,0
27,5,194.783235,-1164.6478499999998,0
27,6,261.44167,-1209.12625,0
27,7,-160.17426,-1167.69995,0
27,8,-691.25052,-1503.7609499999999,0
27,9,-232.925795,-1149.7779,0
27,10,-309.31189,-1176.7853,0
27,11,-412.638945,-975.54755,0
27,12,-383.34378,-111.8817,0
27,13,-706.247525,-1214.7584499999998,0
28,0,-14.386851499999999,178.134065,0
28,1,352.360375,-113.02376000000001,0
28,2,-70.3405305,-289.2208,0
28,3,126.43086,-1204.1979000000001,0
28,4,325.57115,-1122.7433,0
28,5,194.389705,-1166.1194,0
28,6,261.486425,-1209.6972,0
28,7,-159.987255,-1166.1426999999999,0
28,8,-691.32205,-1504.2932,0
28,9,-232.93452,-1149.89985,0
28,10,-309.3367,-1176.71595,0
28,11,-413.279835,-978.08632,0
28,12,-382.9024,-111.142845,0
28,13,-706.2101749999999,-1215.0509499999998,0
29,0,-13.211604,180.254975,0
29,1,352.35817,-112.952675,0
29,2,-100.922,-289.42813,0
29,3,126.1993625,-1204.6469,0
29,4,325.5724,-1122.7683000000002,0
29,5,194.369745,-1166.0291499999998,0
29,6,261.51081999999997,-1209.7968500000002,0
29,7,-160.15731499999998,-1166.6688,0
29,8,-691.344615,-1504.27185,0
29,9,-232.93572,-1149.6737,0
29,10,-309.3577,-1176.7717499999999,0
29,11,-412.31089499999996,-972.75617,0
29,12,-382.78043,-111.06355,0
29,13,-708.08695,-1214.8831,0
30,0,-13.2019535,184.65928,0
30,1,352.34659,-112.92490000000001,0
30,2,-70.057737,-289.80198,0
30,3,126.09727000000001,-1204.99745,0
30,4,325.57579,-1122.6581999999999,0
30,5,194.37288,-1165.9929499999998,0
30,6,261.627815,-1209.9908,0
30,7,-160.16396,-1167.8609999999999,0
30,8,-691.3555200000001,-1504.2687999999998,0
30,9,-232.964605,-1149.6523499999998,0
30,10,-309.34343,-1176.73915,0
30,11,-415.653735,-1004.807325,0
30,12,-382.7853,-111.06884,0
30,13,-705.94718,-1214.20185,0
31,0,-12.974398999999998,187.00334500000002,0
31,1,352.363175,-113.00466,0
31,2,-70.31604200000001,-289.05066,0
31,3,126.22421500000002,-1205.08295,0
31,4,325.44930999999997,-1122.6176500000001,0
31,5,194.280325,-1166.0763499999998,0
31,6,261.54197,-1210.3119,0
31,7,-160.22938499999998,-1168.1225,0
31,8,-691.3638000000001,-1504.2594,0
31,9,-233.08628,-1149.5548,0
31,10,-309.36033999999995,-1176.84755,0
31,11,-415.319485,-1001.604315,0
31,12,-382.7482,-110.89895,0
31,13,-706.141065,-1215.5331500000002,0
32,0,-12.952195999999999,187.54292,0
32,1,352.340975,-112.98345,0
32,2,-70.1902515,-287.794465,0
32,3,126.230307,-1205.0770499999999,0
32,4,325.579,-1122.743,0
32,5,194.374055,-1165.8306499999999,0
32,6,261.57273499999997,-1210.16975,0
32,7,-160.190235,-1167.79105,0
32,8,-691.2965750000001,-1503.76705,0
32,9,-233.078955,-1149.4222,0
32,10,-331.4766,-1177.05145,0
32,11,-415.374335,-1003.5288,0
32,12,-382.77798,-110.97491,0
32,13,-704.84295,-1215.10255,0
33,0,-13.179995500000002,187.558075,0
33,1,352.32004,-113.018445,0
33,2,-70.687825,-287.73251500000003,0
33,3,126.23180249999999,-1205.1612,0
33,4,325.681805,-1123.28155,0
33,5,194.35089499999998,-1166.1536,0
33,6,261.56595500000003,-1208.8587499999999,0
33,7,-160.17816,-1167.7523,0
33,8,-691.28795,-1503.73115,0
33,9,-232.936315,-1149.4685,0
33,10,-309.367175,-1177.05835,0
33,11,-412.28058999999996,-973.92265,0
33,12,-382.68985,-110.93764,0
33,13,-705.14227,-1214.2062,0
34,0,-12.568885000000002,183.73316,0
34,1,352.31719999999996,-113.015045,0
34,2,-71.1817525,-287.11633,0
34,3,126.22371000000001,-1205.20075,0
34,4,325.51268,-1122.5118,0
34,5,194.37166000000002,-1165.7856000000002,0
34,6,261.417855,-1209.0668500000002,0
34,7,-160.1766,-1167.7961,0
34,8,-691.3514700000001,-1504.2794,0
34,9,-233.48562,-1149.5160500000002,0
34,10,-309.361205,-1177.0308,0
34,11,-413.79740000000004,-983.92312,0
34,12,-382.665,-110.838806,0
34,13,-706.983975,-1212.8116,0
35,0,-12.1733525,179.11848500000002,0
35,1,352.32831,-112.972275,0
35,2,-70.79058,-287.29169,0
35,3,126.05784,-1204.92875,0
35,4,325.74075500000004,-1123.5630999999998,0
35,5,194.383475,-1165.8135,0
35,6,261.630485,-1208.55355,0
35,7,-160.09168499999998,-1168.22075,0
35,8,-691.4347849999999,-1504.70325,0
35,9,-233.04621,-1149.6491999999998,0
35,10,-309.35778,-1176.8851,0
35,11,-413.23422500000004,-980.4826499999999,0
35,12,-382.6641,-110.81399,0
35,13,-707.1019,-1210.9744,0
36,0,-12.155227500000002,174.4169,0
36,1,352.3002,-112.8768075,0
36,2,-71.04117500000001,-285.975845,0
36,3,126.064915,-1205.0963000000002,0
36,4,325.484965,-1123.0122000000001,0
36,5,194.37108,-1165.8386,0
36,6,261.55814499999997,-1208.57145,0
36,7,-160.17198,-1167.7849,0
36,8,-691.45808,-1505.2603,0
36,9,-233.48595999999998,-1149.65825,0
36,10,-309.34459000000004,-1176.99835,0
36,11,-415.38687500000003,-1005.3805500000001,0
36,12,-382.70453,-110.8132,0
36,13,-706.98915,-1211.86875,0
37,0,-12.790292999999998,171.21280000000002,0
37,1,352.301865,-112.953992,0
37,2,-70.95980800000001,-286.452475,0
37,3,126.067942,-1205.0212000000001,0
37,4,325.530535,-1123.2561,0
37,5,194.51460500000002,-1165.5166,0
37,6,261.62878,-1208.4062,0
37,7,-160.28698500000002,-1167.9261000000001,0
37,8,-691.470225,-1505.1752000000001,0
37,9,-233.49427,-1149.69855,0
37,10,-309.35959,-1176.5536000000002,0
37,11,-415.66474,-1007.6224,0
37,12,-382.77432,-111.11009,0
37,13,-707.1377,-1211.7161500000002,0
38,0,-13.112482,173.667835,0
38,1,352.29236000000003,-112.9701225,0
38,2,-97.77389,-287.40509,0
38,3,126.06984,-1205.0184,0
38,4,325.61845500000004,-1122.89505,0
38,5,194.40064999999998,-1165.66745,0
38,6,261.56025999999997,-1208.33785,0
38,7,-160.121695,-1166.4866499999998,0
38,8,-691.3881,-1504.58765,0
38,9,-233.49541,-1149.73835,0
38,10,-309.37136499999997,-1176.5569,0
38,11,-415.375625,-1000.5760500000001,0
38,12,-382.78278,-111.113205,0
38,13,-707.0493650000001,-1212.0466000000001,0
39,0,-12.619187,181.17109,0
39,1,352.316145,-113.01653,0
39,2,-98.38297,-286.19475,0
39,3,125.947675,-1205.0423,0
39,4,325.404005,-1123.09905,0
39,5,194.51066500000002,-1165.6091000000001,0
39,6,261.54679500000003,-1208.1966499999999,0
39,7,-160.27807,-1167.8526000000002,0
39,8,-691.367495,-1504.58375,0
39,9,-233.49479000000002,-1149.71345,0
39,10,-309.37658,-1176.61345,0
39,11,-411.921,-970.67705,0
39,12,-382.79263,-111.26429,0
39,13,-701.2358999999999,-1212.2806,0
40,0,-12.054399,188.903665,0
40,1,352.33317999999997,-113.05243,0
40,2,-99.059719,-286.34535,0
40,3,126.06904,-1204.9052000000001,0
40,4,325.414015,-1123.0351,0
40,5,194.41643499999998,-1165.5542,0
40,6,261.55125,-1208.3440500000002,0
40,7,-160.183295,-1166.4366,0
40,8,-691.442015,-1505.1009,0
40,9,-233.07245,-1149.70305,0
40,10,-309.39639,-1176.75925,0
40,11,-414.53387,-993.57075,0
40,12,-382.8073,-111.19594,0
40,13,-681.3002650000001,-1211.8886499999999,0
41,0,-12.153030000000001,192.61458,0
41,1,352.32849999999996,-113.066847,0
41,2,-97.017335,-222.99442499999998,0
41,3,126.18928249999999,-1205.0617,0
41,4,325.41080999999997,-1123.11175,0
41,5,194.41709,-1165.6329999999998,0
41,6,261.766825,-1207.9093,0
41,7,-160.29067,-1167.85055,0
41,8,-681.37138,-1504.00925,0
41,9,-233.4857,-1150.1205,0
41,10,-309.35762,-1176.6596,0
41,11,-415.12604,-998.52345,0
41,12,-382.7875,-111.155624,0
41,13,-676.015975,-1209.6725000000001,0
42,0,-11.969973499999998,192.76069999999999,0
42,1,352.336185,-113.110643,0
42,2,-99.23266000000001,-222.362775,0
42,3,126.06829,-1205.1142,0
42,4,325.56883000000005,-1123.28015,0
42,5,194.37851999999998,-1165.409,0
42,6,261.724265,-1207.8971999999999,0
42,7,-160.214655,-1168.00945,0
42,8,-681.5627649999999,-1505.09235,0
42,9,-233.050725,-1150.07935,0
42,10,-309.35141999999996,-1176.6563,0
42,11,-411.27121,-962.2444499999999,0
42,12,-382.7678,-111.120605,0
42,13,-671.95193,-1207.47625,0
43,0,-11.916743999999998,193.1677,0
43,1,352.34337,-113.13606999999999,0
43,2,-99.3943675,-212.161225,0
43,3,125.944045,-1205.0373,0
43,4,325.534815,-1123.0852,0
43,5,194.431195,-1165.6606000000002,0
43,6,261.64022,-1207.7706,0
43,7,-160.11112500000002,-1166.2721,0
43,8,-691.32776,-1504.52945,0
43,9,-233.49694499999998,-1149.8596499999999,0
43,10,-309.335145,-1176.6282,0
43,11,-411.520525,-967.2758200000001,0
43,12,-382.7584,-111.11601,0
43,13,-671.37435,-1206.67875,0
44,0,-11.72147,191.99668,0
44,1,352.323045,-112.979737,0
44,2,-98.9728525,-195.76991500000003,0
44,3,126.0681975,-1205.0927000000001,0
44,4,325.51073499999995,-1122.9849,0
44,5,194.427805,-1165.6598,0
44,6,261.58929,-1207.5695,0
44,7,-160.18335000000002,-1167.9239,0
44,8,-691.403875,-1504.9893499999998,0
44,9,-233.509105,-1149.5725499999999,0
44,10,-309.333065,-1176.9823000000001,0
44,11,-415.42474500000003,-1000.9698000000001,0
44,12,-382.74036,-111.01227,0
44,13,-666.4984999999999,-1205.7391499999999,0
45,0,-11.5609265,185.33309500000001,0
45,1,352.33246499999996,-112.965825,0
45,2,-98.770082,-196.434555,0
45,3,126.062445,-1204.9124000000002,0
45,4,325.51748,-1122.9426,0
45,5,194.395625,-1164.87955,0
45,6,261.707895,-1207.7185,0
45,7,-157.04854,-1168.08175,0
45,8,-681.3937,-1504.3894500000001,0
45,9,-233.526635,-1149.46925,0
45,10,-309.35231,-1177.09935,0
45,11,-415.94708,-1008.42867,0
45,12,-382.68463,-110.86511,0
45,13,-705.80029,-1202.9023,0
46,0,-10.740492500000002,177.126235,0
46,1,352.336655,-113.038715,0
46,2,-98.6088445,-212.475335,0
46,3,126.06268,-1205.0153,0
46,4,325.50758,-1122.9884,0
46,5,194.404585,-1164.4472,0
46,6,261.742515,-1207.83045,0
46,7,-160.280245,-1167.73795,0
46,8,-681.48165,-1504.28945,0
46,9,-233.50915500000002,-1149.42805,0
46,10,-309.33844,-1176.85905,0
46,11,-415.696065,-1004.8854,0
46,12,-382.67303,-110.88464,0
46,13,-705.3797999999999,-1200.77225,0
47,0,-9.867944999999999,172.241075,0
47,1,352.34193500000003,-112.942312,0
47,2,-98.97497999999999,-215.12905,0
47,3,126.0732175,-1204.9415,0
47,4,325.514725,-1123.0499,0
47,5,194.87770999999998,-1164.08635,0
47,6,261.6778,-1207.52385,0
47,7,-160.28459500000002,-1167.8328000000001,0
47,8,-691.34218,-1504.57205,0
47,9,-233.50708500000002,-1149.3821,0
47,10,-309.33691,-1176.86365,0
47,11,-413.02462,-977.37042,0
47,12,-382.67673,-110.89196,0
47,13,-703.9626499999999,-1197.4557,0
48,0,-8.922284000000001,170.640235,0
48,1,352.26822500000003,-112.93777700000001,0
48,2,-102.831458,-212.994325,0
48,3,126.04774,-1204.9832000000001,0
48,4,325.51082,-1123.0502000000001,0
48,5,194.88813,-1164.63515,0
48,6,261.680205,-1207.643,0
48,7,-160.28415,-1167.81705,0
48,8,-681.692505,-1505.176,0
48,9,-233.51573000000002,-1149.61955,0
48,10,-309.324925,-1176.81455,0
48,11,-413.912275,-983.4238499999999,0
48,12,-382.65967,-110.779434,0
48,13,-660.5183999999999,-1195.4838,0
49,0,-8.413231,177.90903500000002,0
49,1,352.314405,-112.909898,0
49,2,-99.6833875,-212.36235,0
49,3,125.926995,-1204.9459,0
49,4,325.53102,-1123.12585,0
49,5,194.81148,-1164.6143,0
49,6,261.698405,-1207.7617,0
49,7,-160.35266000000001,-1168.27315,0
49,8,-691.3891349999999,-1504.59815,0
49,9,-233.526805,-1149.67695,0
49,10,-309.2579,-1176.63665,0
49,11,-413.91827,-984.86511,0
49,12,-382.645,-110.78177,0
49,13,-659.3037850000001,-1191.0819999999999,0
50,0,-7.994377,185.012035,0
50,1,352.32307000000003,-112.930095,0
50,2,-100.3014,-211.73089,0
50,3,125.94551,-1205.0232500000002,0
50,4,325.50915,-1123.0128,0
50,5,194.86463,-1164.99345,0
50,6,261.706375,-1207.79205,0
50,7,-160.12133,-1168.3246,0
50,8,-681.689455,-1505.09905,0
50,9,-233.49169,-1149.72055,0
50,10,-294.496655,-1176.7248,0
50,11,-414.22983,-986.207945,0
50,12,-382.63904,-110.73555,0
50,13,-658.806225,-1191.28625,0
51,0,-7.608796000000002,188.069595,0
51,1,352.320715,-112.902435,0
51,2,-102.470105,-176.005435,0
51,3,125.9519,-1204.8342499999999,0
51,4,325.53764,-1123.1725000000001,0
51,5,194.74526,-1164.42815,0
51,6,261.71096,-1207.63935,0
51,7,-160.17144000000002,-1167.82985,0
51,8,-681.71628,-1505.0687,0
51,9,-233.496875,-1150.0016500000002,0
51,10,-309.24777,-1176.6205,0
51,11,-414.221865,-986.1278,0
51,12,-382.66388,-110.80465,0
51,13,-660.6820499999999,-1189.78845,0
52,0,-7.536842,188.72310499999998,0
52,1,352.29045499999995,-112.896805,0
52,2,-102.47444250000001,-179.165015,0
52,3,125.94604000000001,-1204.88815,0
52,4,325.492835,-1122.9279999999999,0
52,5,194.78093,-1164.5309499999998,0
52,6,261.701645,-1207.72955,0
52,7,-160.27560499999998,-1167.86175,0
52,8,-691.367075,-1504.3578,0
52,9,-233.506515,-1149.9155500000002,0
52,10,-316.34552,-1176.7071500000002,0
52,11,-414.11809,-985.2776,0
52,12,-382.62006,-110.672134,0
52,13,-686.836515,-1187.73865,0
53,0,-7.576207999999998,188.76119,0
53,1,352.29068500000005,-112.869535,0
53,2,-103.4083725,-216.24398,0
53,3,125.94457249999999,-1204.8562,0
53,4,325.4801,-1122.85095,0
53,5,194.84684,-1164.2178,0
53,6,261.68386,-1207.6697,0
53,7,-160.22504500000002,-1168.1089,0
53,8,-681.87835,-1506.0599499999998,0
53,9,-233.50328000000002,-1149.9029,0
53,10,-316.448045,-1176.6513,0
53,11,-414.2083,-986.0164500000001,0
53,12,-382.67316,-110.95624,0
53,13,-691.418375,-1191.9926500000001,0
54,0,-7.604385000000001,189.47410000000002,0
54,1,352.31934,-112.8472425,0
54,2,-102.46598,-181.4108,0
54,3,125.94258500000001,-1204.87865,0
54,4,325.47502,-1122.8348500000002,0
54,5,194.825,-1164.1544,0
54,6,261.694095,-1207.7023,0
54,7,-160.42777,-1168.0745,0
54,8,-681.837475,-1505.4555,0
54,9,-233.517115,-1149.67265,0
54,10,-331.44196,-1176.6776,0
54,11,-414.01551,-985.76578,0
54,12,-382.6914,-111.04029,0
54,13,-684.5898500000001,-1183.1185,0
55,0,-7.662679999999998,189.54726,0
55,1,352.170745,-112.815042,0
55,2,-102.54999000000001,-181.66202,0
55,3,126.060675,-1204.93205,0
55,4,325.50276499999995,-1122.8869,0
55,5,194.792975,-1163.7123000000001,0
55,6,261.66821,-1207.6057500000002,0
55,7,-160.134115,-1168.27005,0
55,8,-681.74515,-1505.42505,0
55,9,-233.45459,-1149.5037499999999,0
55,10,-331.44609,-1176.877,0
55,11,-413.94676000000004,-985.17373,0
55,12,-382.69385,-111.05057,0
55,13,-684.3212900000001,-1181.93895,0
56,0,-7.881056000000001,190.12745999999999,0
56,1,352.287775,-113.3630105,0
56,2,-102.581753,-182.90579,0
56,3,125.941715,-1204.8031,0
56,4,325.48096,-1122.8391,0
56,5,194.886325,-1163.0919,0
56,6,261.680535,-1207.5731,0
56,7,-160.11195,-1167.6473,0
56,8,-681.61075,-1505.08285,0
56,9,-233.50492,-1149.6327,0
56,10,-331.50875,-1176.5391,0
56,11,-413.98836,-985.5851749999999,0
56,12,-382.6772,-111.00753,0
56,13,-686.1937350000001,-1181.94795,0
57,0,-8.122834999999998,190.17678,0
57,1,352.190335,-112.875855,0
57,2,-104.95596,-181.10871500000002,0
57,3,126.068565,-1204.865,0
57,4,325.63281500000005,-1123.0738999999999,0
57,5,194.722335,-1163.10475,0
57,6,261.816145,-1207.5623,0
57,7,-160.15112,-1167.7209,0
57,8,-691.6307999999999,-1505.71505,0
57,9,-233.50146,-1149.7287999999999,0
57,10,-331.58340499999997,-1176.2606500000002,0
57,11,-413.94978000000003,-985.18453,0
57,12,-382.6751,-111.013054,0
57,13,-685.6765499999999,-1181.2071500000002,0
58,0,-8.115723,190.550055,0
58,1,352.207575,-112.55587249999999,0
58,2,-107.8631875,-185.640925,0
58,3,126.04732,-1204.80565,0
58,4,325.62778000000003,-1123.04365,0
58,5,194.812285,-1162.77415,0
58,6,261.79549499999996,-1207.33455,0
58,7,-160.086175,-1166.15375,0
58,8,-681.854885,-1505.6610999999998,0
58,9,-233.5115,-1149.4122499999999,0
58,10,-309.291155,-1176.2397500000002,0
58,11,-414.03803500000004,-985.90053,0
58,12,-382.6192,-110.93002,0
58,13,-684.1585,-1184.1308,0
59,0,-8.259844999999999,191.13000499999998,0
59,1,352.127775,-112.552393,0
59,2,-110.91528500000001,-189.203235,0
59,3,126.054483,-1204.82025,0
59,4,325.61571000000004,-1122.97845,0
59,5,194.72872999999998,-1162.9996999999998,0
59,6,261.72634999999997,-1207.4185499999999,0
59,7,-160.13352500000002,-1167.5444,0
59,8,-691.233185,-1504.3124,0
59,9,-233.503365,-1149.47045,0
59,10,-331.571505,-1176.2107,0
59,11,-414.122575,-986.70795,0
59,12,-382.6094,-110.95026,0
59,13,-703.0641499999999,-1190.3399,0
60,0,-8.223147999999998,190.254325,0
60,1,352.1089,-113.040813,0
60,2,-115.09814,-198.12147,0
60,3,125.9136,-1204.8889,0
60,4,325.48015,-1122.8299499999998,0
60,5,194.79739,-1162.64255,0
60,6,261.72375,-1207.09575,0
60,7,-160.235565,-1168.2711,0
60,8,-691.220725,-1503.7377000000001,0
60,9,-233.47189500000002,-1149.66415,0
60,10,-309.307295,-1176.4529,0
60,11,-414.090195,-986.4513549999999,0
60,12,-382.494,-110.50946,0
60,13,-683.5103300000001,-1185.10115,0
61,0,-8.035702,191.406905,0
61,1,352.379225,-112.963278,0
61,2,-106.88922,-208.01205,0
61,3,126.03733,-1204.87965,0
61,4,325.62589,-1122.91895,0
61,5,194.825105,-1162.9029,0
61,6,261.744645,-1207.2038499999999,0
61,7,-160.14538,-1167.8220999999999,0
61,8,-691.303345,-1503.9398999999999,0
61,9,-233.49299,-1149.6106,0
61,10,-309.24537999999995,-1175.8148999999999,0
61,11,-413.97256,-985.3394000000001,0
61,12,-382.5372,-110.6653,0
61,13,-685.5956799999999,-1196.4800500000001,0
62,0,-7.997378000000001,191.95058999999998,0
62,1,352.37243,-112.859655,0
62,2,-109.78441749999999,-227.891245,0
62,3,126.03323499999999,-1204.891,0
62,4,325.744465,-1122.84535,0
62,5,194.82211,-1162.8553000000002,0
62,6,261.74243,-1207.09125,0
62,7,-160.10451,-1166.5309499999998,0
62,8,-691.249665,-1503.8215500000001,0
62,9,-233.094865,-1149.70415,0
62,10,-331.44532000000004,-1175.1293,0
62,11,-414.08374,-984.85915,0
62,12,-382.49496,-110.53568,0
62,13,-703.0179,-1193.1021500000002,0
63,0,-8.037391,191.52735,0
63,1,352.18326,-112.374308,0
63,2,-111.54971499999999,-223.72335,0
63,3,126.033355,-1204.8065000000001,0
63,4,325.6389,-1123.1232,0
63,5,194.85514,-1162.9791500000001,0
63,6,261.73731,-1207.2775,0
63,7,-160.283965,-1167.98795,0
63,8,-691.20228,-1503.6975499999999,0
63,9,-233.09041,-1149.66145,0
63,10,-309.150135,-1174.8279499999999,0
63,11,-414.08144,-984.9019499999999,0
63,12,-382.5499,-110.62632,0
63,13,-703.22601,-1197.3291,0
64,0,-8.152877500000002,191.90937,0
64,1,352.29052,-112.8315175,0
64,2,-110.825715,-211.983295,0
64,3,126.02822,-1204.7766000000001,0
64,4,325.546925,-1123.3769499999999,0
64,5,194.761505,-1162.7763,0
64,6,261.814475,-1207.8854000000001,0
64,7,-160.171165,-1167.98485,0
64,8,-691.32715,-1503.85885,0
64,9,-233.06889999999999,-1149.99445,0
64,10,-309.10633,-1174.2124,0
64,11,-414.05330000000004,-984.569975,0
64,12,-382.52826,-110.49942,0
64,13,-728.8692,-1195.8333,0
65,0,-7.934484000000001,191.19257499999998,0
65,1,352.34787,-112.9095725,0
65,2,-112.23043999999999,-214.12805500000002,0
65,3,126.0251,-1204.8827999999999,0
65,4,325.57275500000003,-1123.4583,0
65,5,194.759365,-1162.4278,0
65,6,261.717795,-1207.23045,0
65,7,-157.076315,-1168.0328,0
65,8,-691.3255899999999,-1504.73405,0
65,9,-232.91469,-1150.0306,0
65,10,-309.10520499999996,-1174.15285,0
65,11,-414.15238,-983.97128,0
65,12,-382.46722,-110.35963,0
65,13,-703.3104800000001,-1195.7006999999999,0
66,0,-7.7898270000000025,192.42592000000002,0
66,1,352.28415,-112.388735,0
66,2,-112.735885,-210.931845,0
66,3,126.033225,-1204.81495,0
66,4,325.55206499999997,-1123.4033,0
66,5,194.86138499999998,-1162.6014,0
66,6,261.70032,-1207.103,0
66,7,-160.02461,-1167.78,0
66,8,-691.214065,-1503.8933499999998,0
66,9,-233.04468500000002,-1150.00415,0
66,10,-331.48222,-1174.37645,0
66,11,-414.094525,-984.58957,0
66,12,-382.47083,-110.33279,0
66,13,-701.302,-1189.6695,0
67,0,-7.713345999999998,190.88123000000002,0
67,1,352.34996,-112.839703,0
67,2,-111.39299,-194.33168,0
67,3,126.034603,-1204.8321,0
67,4,325.549805,-1123.4092,0
67,5,194.735795,-1162.674,0
67,6,261.70732,-1207.0953,0
67,7,-160.12818,-1167.72665,0
67,8,-681.34328,-1503.08,0
67,9,-233.486195,-1150.20795,0
67,10,-309.131895,-1174.26195,0
67,11,-413.918,-984.4377400000001,0
67,12,-382.53412,-110.49755,0
67,13,-700.4004,-1181.8831500000001,0
68,0,-7.185074999999998,192.26198499999998,0
68,1,352.36952,-112.849317,0
68,2,-111.778723,-198.044345,0
68,3,126.0241825,-1204.74855,0
68,4,325.55154500000003,-1123.392,0
68,5,194.74938,-1162.3116,0
68,6,261.649545,-1206.42725,0
68,7,-160.163315,-1167.38815,0
68,8,-691.04583,-1503.23855,0
68,9,-233.05694,-1149.83865,0
68,10,-331.47905000000003,-1174.3980000000001,0
68,11,-414.04418,-984.04573,0
68,12,-382.52744,-110.44987,0
68,13,-700.285065,-1180.7103,0
69,0,-6.633142500000002,192.14945,0
69,1,352.361925,-112.864625,0
69,2,-108.890925,-176.59857,0
69,3,126.03276,-1204.7829000000002,0
69,4,325.52905,-1123.3915499999998,0
69,5,194.90855499999998,-1161.6770000000001,0
69,6,261.62387,-1206.74245,0
69,7,-160.04149,-1167.62545,0
69,8,-681.50593,-1503.3649,0
69,9,-233.18862000000001,-1150.43745,0
69,10,-331.448135,-1174.05975,0
69,11,-413.98726,-985.061325,0
69,12,-382.54083,-110.450714,0
69,13,-699.7629999999999,-1181.93625,0
70,0,-5.142651000000001,191.039585,0
70,1,352.28605,-112.432475,0
70,2,-108.96614500000001,-174.57129,0
70,3,126.13825800000001,-1204.72455,0
70,4,325.65817000000004,-1123.1182,0
70,5,194.790185,-1162.3056000000001,0
70,6,261.563615,-1206.2235,0
70,7,-157.025125,-1167.83625,0
70,8,-681.43775,-1503.6437999999998,0
70,9,-233.48672,-1150.6136000000001,0
70,10,-331.480055,-1174.47895,0
70,11,-413.935255,-981.83833,0
70,12,-382.5787,-110.50595,0
70,13,-698.531,-1178.193,0
71,0,-3.1006870000000006,191.34213,0
71,1,352.2982,-112.443017,0
71,2,-110.627028,-177.96252,0
71,3,126.02146,-1204.65775,0
71,4,325.83092999999997,-1123.8483,0
71,5,194.90268,-1162.2564499999999,0
71,6,261.58664,-1206.3780000000002,0
71,7,-159.944885,-1167.7301,0
71,8,-681.7155,-1504.9601499999999,0
71,9,-233.189215,-1150.7498,0
71,10,-331.454085,-1174.2305000000001,0
71,11,-413.74142,-981.4290000000001,0
71,12,-382.64328,-110.54601,0
71,13,-679.377105,-1164.8762,0
72,0,-2.5375639999999997,185.1212,0
72,1,352.361465,-112.92372,0
72,2,-113.32418999999999,-190.398165,0
72,3,126.020015,-1204.81,0
72,4,325.70168,-1123.76125,0
72,5,194.74338,-1162.78585,0
72,6,261.684175,-1206.40315,0
72,7,-160.184385,-1167.5769500000001,0
72,8,-681.52715,-1504.3428,0
72,9,-233.44966,-1150.6854,0
72,10,-331.424525,-1173.9686000000002,0
72,11,-413.60733,-981.712585,0
72,12,-382.65143,-110.577286,0
72,13,-695.46875,-1157.85295,0
73,0,-0.9697764999999983,179.468565,0
73,1,352.48497,-113.42702700000001,0
73,2,-115.556895,-200.471725,0
73,3,126.016705,-1204.8478,0
73,4,325.551575,-1123.6145,0
73,5,194.759335,-1162.6167,0
73,6,261.620615,-1206.073,0
73,7,-160.19425,-1167.6062499999998,0
73,8,-681.4686,-1503.6696,0
73,9,-233.10008,-1150.31465,0
73,10,-331.43358,-1174.9819499999999,0
73,11,-413.74048000000005,-982.9514300000001,0
73,12,-382.9465,-110.864914,0
73,13,-667.162905,-1155.3706,0
74,0,1.7097055000000019,177.13115,0
74,1,352.31015,-112.707655,0
74,2,-116.56422,-212.147015,0
74,3,126.01348300000001,-1204.69205,0
74,4,325.55344,-1123.59445,0
74,5,194.74058,-1162.425,0
74,6,261.62176,-1206.0945,0
74,7,-160.29036000000002,-1167.4388,0
74,8,-681.4548,-1503.0942,0
74,9,-233.06887,-1150.3287999999998,0
74,10,-331.46049500000004,-1174.30655,0
74,11,-413.749235,-983.06405,0
74,12,-382.9721,-110.965614,0
74,13,-666.4895300000001,-1152.83815,0
75,0,4.277037,173.71364,0
75,1,352.34758999999997,-113.045462,0
75,2,-117.7267475,-220.12092,0
75,3,126.02033,-1204.82395,0
75,4,325.57640000000004,-1123.66345,0
75,5,194.75094,-1162.5543499999999,0
75,6,261.646575,-1206.24225,0
75,7,-160.356385,-1168.0554000000002,0
75,8,-681.5687,-1504.228,0
75,9,-232.92611,-1151.6894499999999,0
75,10,-331.57867,-1175.20175,0
75,11,-414.328615,-988.10779,0
75,12,-383.1322,-111.194885,0
75,13,-667.9784,-1153.99665,0
76,0,4.896247500000001,172.91522500000002,0
76,1,352.325915,-112.8258,0
76,2,-117.95782249999999,-221.82273499999997,0
76,3,126.015032,-1204.7346499999999,0
76,4,325.490675,-1123.33465,0
76,5,194.766875,-1162.5682000000002,0
76,6,261.56155,-1206.17055,0
76,7,-160.046855,-1167.6206,0
76,8,-681.4954749999999,-1504.1757,0
76,9,-233.13813,-1151.3943,0
76,10,-331.61445000000003,-1174.8650499999999,0
76,11,-413.55355999999995,-981.3263549999999,0
76,12,-383.08777,-110.96365,0
76,13,-666.35037,-1143.3400499999998,0
77,0,5.798427499999999,173.460765,0
77,1,352.229155,-112.74033,0
77,2,-116.6159175,-208.176775,0
77,3,126.023035,-1204.7597999999998,0
77,4,325.44028000000003,-1123.1053,0
77,5,194.767,-1162.4002,0
77,6,261.538235,-1206.1449499999999,0
77,7,-160.27309,-1167.529,0
77,8,-681.44388,-1504.1865,0
77,9,-233.64038,-1150.75335,0
77,10,-331.566345,-1174.9791500000001,0
77,11,-414.04891499999997,-984.06102,0
77,12,-382.93695,-110.575066,0
77,13,-662.97015,-1117.85095,0
78,0,7.5684635,169.978645,0
78,1,352.292425,-113.3938675,0
78,2,-109.242435,-187.229195,0
78,3,126.014945,-1204.77045,0
78,4,325.48042499999997,-1123.25545,0
78,5,194.76538,-1162.6743999999999,0
78,6,261.52252,-1206.121,0
78,7,-160.39243,-1167.70245,0
78,8,-681.69751,-1503.9439,0
78,9,-233.56998,-1149.9452,0
78,10,-331.60362499999997,-1174.8674999999998,0
78,11,-414.34118,-986.373075,0
78,12,-382.57083,-109.88375,0
78,13,-666.16167,-1136.0618,0
79,0,10.481290999999999,166.0237,0
79,1,352.169585,-113.5804425,0
79,2,-106.88899,-182.300815,0
79,3,126.12688,-1204.6377499999999,0
79,4,325.342345,-1123.1300999999999,0
79,5,194.88083,-1162.19315,0
79,6,261.624405,-1206.3220999999999,0
79,7,-160.81356,-1168.225,0
79,8,-681.6168700000001,-1503.36905,0
79,9,-233.61993999999999,-1151.0306,0
79,10,-332.022735,-1176.379,0
79,11,-414.48348,-987.7237,0
79,12,-381.91162,-108.45827,0
79,13,-695.9122199999999,-1161.41425,0
80,0,17.098037500000004,162.456025,0
80,1,352.36490000000003,-113.391095,0
80,2,-104.753055,-200.22035,0
80,3,126.023395,-1204.69645,0
80,4,325.358185,-1123.1835,0
80,5,194.77169500000002,-1162.26825,0
80,6,261.588495,-1206.05665,0
80,7,-157.154915,-1167.9659,0
80,8,-681.90513,-1504.50585,0
80,9,-233.49117999999999,-1151.13525,0
80,10,-331.64067,-1173.48405,0
80,11,-413.45165,-978.735355,0
80,12,-381.8153,-109.04218,0
80,13,-695.229795,-1158.0952499999999,0
81,0,26.3252715,156.50753,0
81,1,352.405225,-113.707885,0
81,2,-102.08923300000001,-212.48422499999998,0
81,3,125.992965,-1204.69585,0
81,4,325.440355,-1123.4932,0
81,5,194.73262,-1162.11605,0
81,6,261.51256,-1205.9828,0
81,7,-160.238215,-1168.0179,0
81,8,-681.8432,-1503.6134000000002,0
81,9,-234.2192,-1150.9810000000002,0
81,10,-331.85193000000004,-1173.5929500000002,0
81,11,-413.877635,-982.06175,0
81,12,-382.7317,-110.43241,0
81,13,-695.67115,-1160.92345,0
82,0,34.34569315,151.18364000000003,0
82,1,352.43628,-113.53416250000001,0
82,2,-101.51972950000001,-295.18102999999996,0
82,3,125.98237,-1204.7746000000002,0
82,4,325.42005,-1123.346,0
82,5,194.86267,-1162.15935,0
82,6,261.49807500000003,-1206.04785,0
82,7,-160.26728,-1168.1183500000002,0
82,8,-682.4368999999999,-1505.731,0
82,9,-233.5145,-1152.3465,0
82,10,-331.55646,-1171.1441,0
82,11,-413.814235,-982.228975,0
82,12,-383.27966,-111.69357,0
82,13,-695.4598249999999,-1160.0835,0
83,0,38.2434873,155.04277000000002,0
83,1,352.14272,-113.37307,0
83,2,-96.320535,-227.99822,0
83,3,125.8314,-1204.7074499999999,0
83,4,325.48158,-1124.8969,0
83,5,194.74746,-1162.4425999999999,0
83,6,261.525235,-1204.94965,0
83,7,-160.327805,-1168.5137,0
83,8,-682.61395,-1505.0745499999998,0
83,9,-233.538995,-1151.9063,0
83,10,-331.97853,-1174.8020999999999,0
83,11,-414.537865,-985.54117,0
83,12,-383.72067,-112.467606,0
83,13,-665.2018,-1130.7001,0
84,0,39.900648,156.84413999999998,0
84,1,352.255725,-113.390005,0
84,2,-91.097105,-236.44191,0
84,3,125.94271499999999,-1204.7492499999998,0
84,4,325.416615,-1124.5028499999999,0
84,5,194.86632,-1162.37375,0
84,6,261.517215,-1205.24015,0
84,7,-160.45603499999999,-1168.53735,0
84,8,-682.270325,-1505.84215,0
84,9,-233.52789,-1152.35615,0
84,10,-331.638685,-1173.8559500000001,0
84,11,-414.96601499999997,-989.4533349999999,0
84,12,-383.37997,-111.595924,0
84,13,-693.6451999999999,-1144.2069000000001,0
85,0,40.07395065,157.385065,0
85,1,352.408925,-113.30136,0
85,2,-94.3174095,-242.490705,0
85,3,125.838865,-1204.5985,0
85,4,325.432055,-1124.6879,0
85,5,194.76169499999997,-1162.423,0
85,6,261.51364,-1205.25845,0
85,7,-157.089625,-1168.5928,0
85,8,-681.962645,-1505.0547000000001,0
85,9,-233.590925,-1151.57775,0
85,10,-331.69824,-1174.32235,0
85,11,-418.97276,-1027.89525,0
85,12,-383.25317,-111.23285,0
85,13,-693.702675,-1148.0232500000002,0
86,0,40.757584200000004,156.79988500000002,0
86,1,352.41362000000004,-113.77209500000001,0
86,2,-99.99105499999999,-243.75869,0
86,3,125.84543500000001,-1204.6239,0
86,4,325.40731,-1124.63285,0
86,5,194.67145499999998,-1162.4715,0
86,6,261.52063999999996,-1205.18705,0
86,7,-160.38162,-1168.59775,0
86,8,-682.3712,-1506.2074,0
86,9,-234.26854,-1149.9214000000002,0
86,10,-331.70579,-1174.285,0
86,11,-414.61596999999995,-987.684775,0
86,12,-383.3453,-111.30749,0
86,13,-694.838135,-1164.44505,0
87,0,40.352381349999995,158.754715,0
87,1,352.29792499999996,-113.016055,0
87,2,-103.074862,-243.31495999999999,0
87,3,125.868335,-1204.6428999999998,0
87,4,324.63044,-1122.6279,0
87,5,194.664755,-1162.44315,0
87,6,261.516775,-1205.27365,0
87,7,-160.51463,-1168.7745,0
87,8,-691.7260200000001,-1505.1995,0
87,9,-233.610605,-1151.11455,0
87,10,-331.70081500000003,-1174.49995,0
87,11,-414.4252,-983.5483,0
87,12,-383.94604,-112.53862,0
87,13,-694.64225,-1159.32845,0
88,0,39.89955645,157.64387,0
88,1,352.344985,-113.358265,0
88,2,-105.68263250000001,-240.10009499999998,0
88,3,125.99261,-1204.6995,0
88,4,325.508925,-1123.9097000000002,0
88,5,194.11846,-1164.56145,0
88,6,261.88727,-1208.4135,0
88,7,-160.50985,-1168.4623,0
88,8,-681.920485,-1503.5788499999999,0
88,9,-233.54862,-1151.67885,0
88,10,-316.679915,-1172.15915,0
88,11,-414.92838,-989.928635,0
88,12,-383.73386,-112.40552,0
88,13,-692.39245,-1144.4804,0
89,0,39.537089,157.30993,0
89,1,352.28495499999997,-113.272625,0
89,2,-105.69191000000001,-241.640985,0
89,3,125.876625,-1204.67915,0
89,4,325.587265,-1124.38705,0
89,5,194.22472499999998,-1164.5562,0
89,6,261.903855,-1208.12505,0
89,7,-160.96081,-1168.5167999999999,0
89,8,-691.0251149999999,-1503.7074499999999,0
89,9,-233.558135,-1151.6106,0
89,10,-316.60377000000005,-1171.69945,0
89,11,-414.9071,-991.194225,0
89,12,-383.81863,-112.389534,0
89,13,-692.334975,-1146.8572,0
90,0,39.4706934,158.09563500000002,0
90,1,352.531785,-113.756388,0
90,2,-100.80166,-275.71765,0
90,3,125.882945,-1204.8252499999999,0
90,4,325.574635,-1124.38395,0
90,5,194.137325,-1164.77305,0
90,6,261.852145,-1208.31135,0
90,7,-161.022595,-1168.69605,0
90,8,-691.1043999999999,-1501.9686000000002,0
90,9,-233.55915,-1151.6946,0
90,10,-316.63835500000005,-1172.0611,0
90,11,-415.02243,-990.9086,0
90,12,-383.81195,-112.40036,0
90,13,-693.91282,-1161.0347000000002,0
91,0,39.87477785,159.06287,0
91,1,352.54654,-113.62989,0
91,2,-89.36040700000001,-305.807685,0
91,3,125.890457,-1204.74875,0
91,4,325.550485,-1124.0662,0
91,5,194.12113499999998,-1164.78735,0
91,6,261.91490999999996,-1208.59835,0
91,7,-161.15827000000002,-1168.3706,0
91,8,-691.34427,-1502.6408000000001,0
91,9,-233.14502499999998,-1151.97975,0
91,10,-316.591235,-1172.26945,0
91,11,-418.96767,-1027.63895,0
91,12,-383.77332,-112.155624,0
92,0,39.681353699999995,158.419225,0
92,1,352.539125,-113.750958,0
92,2,-83.76196999999999,-291.838575,0
92,3,125.88337,-1204.6963999999998,0
92,4,325.50635,-1123.90765,0
92,5,194.136175,-1164.79745,0
92,6,261.9859,-1208.6440499999999,0
92,7,-161.07612,-1168.5566,0
92,8,-691.18668,-1503.95975,0
92,9,-233.57253500000002,-1151.90125,0
92,10,-316.395135,-1172.5810000000001,0
92,11,-414.72254999999996,-989.5865,0
92,12,-384.05072,-112.78186,0
93,0,38.6618768,157.219405,0
93,1,352.40031,-113.47399250000001,0
93,2,-85.0919245,-318.490865,0
93,3,126.000395,-1204.8294,0
93,4,325.45777999999996,-1123.69235,0
93,5,194.121235,-1164.87625,0
93,6,261.97413,-1208.6894499999999,0
93,7,-161.109375,-1168.37915,0
93,8,-691.40923,-1504.0425,0
93,9,-233.58539,-1151.47255,0
93,10,-316.34963,-1172.64925,0
93,11,-418.82698,-1027.9831,0
93,12,-384.1542,-112.50945,0
94,0,37.1389645,163.362905,0
94,1,352.503205,-113.74266499999999,0
94,2,-85.31383,-334.60322499999995,0
94,3,125.886915,-1204.7386999999999,0
94,4,325.006165,-1122.3697000000002,0
94,5,194.628895,-1164.94055,0
94,6,261.988815,-1208.44315,0
94,7,-161.00990000000002,-1168.40355,0
94,8,-691.55395,-1503.29945,0
94,9,-233.58298000000002,-1151.6449,0
94,10,-316.192985,-1171.7797,0
94,11,-414.7181,-988.0327199999999,0
94,12,-384.24857,-112.81292,0
95,0,34.0120573,169.687815,0
95,1,352.34448,-112.76107,0
95,2,-80.95576700000001,-283.55089,0
95,3,126.01342500000001,-1204.93685,0
95,4,325.4865,-1123.6324,0
95,5,194.213235,-1165.0075,0
95,6,261.930335,-1208.27935,0
95,7,-161.126955,-1168.7698500000001,0
95,8,-691.0100500000001,-1502.76605,0
95,9,-233.02340500000003,-1151.1308,0
95,10,-316.55795,-1172.83755,0
95,11,-414.84845,-989.156565,0
95,12,-384.0254,-112.18479,0
95,13,-693.897155,-1178.68895,0
96,0,28.3215231,173.977595,0
96,1,352.3435,-113.086712,0
96,2,-77.787211,-278.864275,0
96,3,126.00131250000001,-1204.7244500000002,0
96,4,325.052185,-1122.5064000000002,0
96,5,194.73067,-1164.7487999999998,0
96,6,261.98178,-1208.5233,0
96,7,-161.180765,-1168.43395,0
96,8,-690.919125,-1502.36995,0
96,9,-233.03673500000002,-1151.1097,0
96,10,-316.435875,-1172.6195,0
96,11,-414.59885999999995,-988.50245,0
96,12,-384.09958,-112.8346,0
97,0,22.061829,177.50069000000002,0
97,1,352.38837,-112.97871,0
97,2,-78.5350325,-296.2077,0
97,3,126.00052,-1204.72015,0
97,4,325.18649500000004,-1122.163,0
97,5,194.23907,-1164.8997,0
97,6,261.986725,-1208.56225,0
97,7,-161.18313999999998,-1168.4728,0
97,8,-690.7429500000001,-1503.09245,0
97,9,-233.045345,-1150.6291,0
97,10,-316.47616500000004,-1172.75395,0
97,11,-418.867115,-1026.69267,0
97,12,-384.03543,-112.81864,0
97,13,-693.67197,-1177.11875,0
98,0,17.027678,190.833075,0
98,1,352.174285,-112.41202799999999,0
98,2,-84.673069,-300.780505,0
98,3,125.99644699999999,-1204.7665499999998,0
98,4,325.52749500000004,-1123.60265,0
98,5,194.234295,-1164.88715,0
98,6,261.97637,-1208.54485,0
98,7,-161.167145,-1168.38105,0
98,8,-690.5608500000001,-1501.96805,0
98,9,-232.96284,-1150.0094,0
98,10,-316.61861,-1172.7217,0
98,11,-414.93406500000003,-990.30315,0
98,12,-383.5268,-111.87085,0
98,13,-693.75432,-1181.646,0
99,0,14.652137999999999,206.18729000000002,0
99,1,352.400025,-112.806858,0
99,2,-91.4578075,-340.8826,0
99,3,125.99293,-1204.7437,0
99,4,325.53,-1123.6152000000002,0
99,5,194.13566,-1164.88525,0
99,6,262.006795,-1208.9086499999999,0
99,7,-161.075105,-1168.1473,0
99,8,-690.575895,-1501.9324000000001,0
99,9,-232.92542500000002,-1149.25215,0
99,10,-316.41225,-1172.92365,0
99,11,-414.91654000000005,-990.157715,0
99,12,-383.5349,-111.690346,0
99,13,-693.20175,-1173.3357999999998,0
100,0,14.872682000000001,213.88205499999998,0
100,1,352.38562,-112.877195,0
100,2,-82.403176,-336.66032,0
100,3,125.994265,-1204.8349,0
100,4,325.540635,-1123.56395,0
100,5,194.127725,-1164.79465,0
100,6,261.98739,-1208.87385,0
100,7,-161.08972,-1168.3726000000001,0
100,8,-690.48335,-1501.2993,0
100,9,-232.98219,-1149.05655,0
100,10,-316.512345,-1172.78415,0
100,11,-418.99478,-1028.2746,0
100,12,-383.50555,-111.507385,0
100,13,-694.37085,-1187.86755,0
101,0,15.0984175,216.754755,0
101,1,352.32835,-112.795681,0
101,2,-115.4801075,-327.69034,0
101,3,126.00355,-1204.75265,0
101,4,325.53757,-1123.63525,0
101,5,194.629855,-1165.0385,0
101,6,262.004485,-1208.9034000000001,0
101,7,-161.28436,-1168.22945,0
101,8,-690.537925,-1501.16565,0
101,9,-232.97478,-1149.1021,0
101,10,-316.681625,-1172.48125,0
101,11,-418.868195,-1028.6305499999999,0
101,12,-383.3429,-111.16427,0
101,13,-693.37625,-1179.7673,0
102,0,14.128303999999998,217.98363999999998,0
102,1,352.38014,-113.13848999999999,0
102,2,-116.43345,-261.170805,0
102,3,126.004395,-1204.7751,0
102,4,325.53877,-1123.6399000000001,0
102,5,194.62561,-1165.00875,0
102,6,262.006395,-1208.9206,0
102,7,-161.18094000000002,-1168.2676000000001,0
102,8,-690.4954299999999,-1501.5088,0
102,9,-232.95158,-1148.85765,0
102,10,-316.62636,-1172.1577,0
102,11,-419.169125,-1029.89995,0
102,12,-383.2868,-110.999115,0
102,13,-713.3129,-1181.6115,0
103,0,10.3415915,216.15750500000001,0
103,1,352.33621500000004,-113.11384000000001,0
103,2,-118.9506,-255.96329500000002,0
103,3,126.007105,-1204.8353,0
103,4,325.52348,-1123.5973,0
103,5,194.20716,-1164.90355,0
103,6,261.939205,-1208.50785,0
103,7,-160.65078,-1168.03305,0
103,8,-690.19395,-1499.71975,0
103,9,-232.920835,-1148.56895,0
103,10,-316.58405000000005,-1170.8391499999998,0
103,11,-419.21866,-1031.7163,0
103,12,-383.4342,-111.11319,0
103,13,-713.72974,-1185.825,0
104,0,3.2425154999999997,217.36898,0
104,1,352.326325,-112.83512,0
104,2,-118.77656,-249.438595,0
104,3,126.005115,-1204.76055,0
104,4,325.49996999999996,-1123.4308,0
104,5,194.20966499999997,-1165.0737,0
104,6,261.825675,-1208.4924999999998,0
104,7,-160.63817,-1167.99545,0
104,8,-690.18835,-1500.74425,0
104,9,-232.89872000000003,-1148.43405,0
104,10,-316.64315,-1171.086,0
104,11,-419.173675,-1030.3636999999999,0
104,12,-383.50644,-111.48286,0
104,13,-694.24037,-1187.91065,0
105,0,-4.680412499999999,222.342025,0
105,1,352.44328,-113.651885,0
105,2,-119.34881000000001,-245.10343,0
105,3,126.00938200000002,-1204.8593,0
105,4,325.498785,-1123.4335999999998,0
105,5,194.2344,-1165.2589,0
105,6,261.92136500000004,-1208.4627,0
105,7,-160.642,-1168.35265,0
105,8,-690.37783,-1500.4119999999998,0
105,9,-232.46854000000002,-1148.68275,0
105,10,-316.54364,-1171.6482,0
105,11,-419.33196,-1031.6957,0
105,12,-383.75272,-112.11341,0
105,13,-692.35495,-1173.6408999999999,0
106,0,-8.493648499999999,232.18932,0
106,1,352.42928,-113.318998,0
106,2,-117.92204749999999,-243.3716,0
106,3,126.007545,-1204.77605,0
106,4,325.49814,-1123.45265,0
106,5,194.637315,-1165.3318,0
106,6,261.82481,-1208.4605999999999,0
106,7,-160.62878999999998,-1168.0115,0
106,8,-690.01847,-1499.1433499999998,0
106,9,-232.466885,-1148.8315499999999,0
106,10,-316.52234999999996,-1171.5002,0
106,11,-421.434895,-1048.64305,0
106,12,-383.82312,-112.74496,0
106,13,-692.7654,-1178.5425,0
107,0,-10.303975999999999,239.586275,0
107,1,352.43338,-112.7976475,0
107,2,-121.99167249999999,-323.39125,0
107,3,126.007092,-1204.8199,0
107,4,325.49703,-1123.4562999999998,0
107,5,194.638505,-1165.30275,0
107,6,261.91504,-1208.42255,0
107,7,-160.628235,-1168.07405,0
107,8,-690.652325,-1501.3489,0
107,9,-232.89195999999998,-1148.81945,0
107,10,-316.688705,-1171.3994,0
107,11,-419.27853000000005,-1032.2278000000001,0
107,12,-383.66824,-112.13149,0
107,13,-693.1707799999999,-1181.3434000000002,0
108,0,-10.697426,247.31375500000001,0
108,1,352.39261,-112.847555,0
108,2,-121.7479425,-332.202765,0
108,3,126.01302000000001,-1204.8189,0
108,4,325.494815,-1123.4546500000001,0
108,5,194.237515,-1165.26255,0
108,6,261.82687,-1208.3512500000002,0
108,7,-160.6251,-1168.0174000000002,0
108,8,-689.988155,-1500.20905,0
108,9,-232.91789999999997,-1148.66545,0
108,10,-316.38656,-1171.2887,0
108,11,-419.08019,-1030.46315,0
108,12,-383.74698,-111.83912,0
109,0,-10.776626500000003,248.90935,0
109,1,352.341915,-112.910943,0
109,2,-121.96193500000001,-331.568115,0
109,3,125.88684,-1204.7028500000001,0
109,4,325.505405,-1123.4775,0
109,5,194.23930000000001,-1165.20485,0
109,6,261.83477,-1208.3811500000002,0
109,7,-160.640455,-1167.93865,0
109,8,-689.5744500000001,-1498.1117,0
109,9,-232.91670499999998,-1149.00125,0
109,10,-316.486845,-1171.446,0
109,11,-415.26000999999997,-993.19538,0
109,12,-383.68448,-111.93772,0
109,13,-688.943865,-1149.1829,0
110,0,-11.251207,250.25680499999999,0
110,1,352.335785,-112.912115,0
110,2,-126.00223,-341.43646,0
110,3,125.893585,-1204.827,0
110,4,325.515595,-1123.5706500000001,0
110,5,194.237785,-1165.2384,0
110,6,261.938405,-1208.6592500000002,0
110,7,-160.64941,-1168.11735,0
110,8,-689.6612250000001,-1498.3429,0
110,9,-232.936085,-1148.9107,0
110,10,-316.413365,-1171.5598,0
110,11,-419.2633,-1030.7504,0
110,12,-383.62665,-111.63427,0
111,0,-11.901885,250.61864,0
111,1,352.138185,-112.486733,0
111,2,-129.19888,-345.825465,0
111,3,126.01065,-1204.68745,0
111,4,325.04226000000006,-1122.06555,0
111,5,194.238405,-1165.1493,0
111,6,261.939705,-1208.6939,0
111,7,-160.595015,-1168.0001,0
111,8,-689.7375,-1499.04965,0
111,9,-232.93212,-1148.8667,0
111,10,-316.424625,-1171.5055,0
111,11,-419.30588,-1030.94705,0
111,12,-383.55817,-111.213585,0
111,13,-688.3705649999999,-1146.9787000000001,0
112,0,-12.112925,249.89364,0
112,1,352.24141,-112.96363500000001,0
112,2,-129.839935,-278.302875,0
112,3,126.00968,-1204.6395499999999,0
112,4,325.5067,-1123.47125,0
112,5,194.622025,-1164.9965499999998,0
112,6,261.931235,-1208.69295,0
112,7,-160.67347999999998,-1167.91875,0
112,8,-689.61058,-1497.9969999999998,0
112,9,-232.408295,-1148.61035,0
112,10,-316.50241,-1171.5115,0
112,11,-415.1319,-993.28305,0
112,12,-383.5399,-111.07543,0
112,13,-690.36972,-1162.75975,0
113,0,-12.440302500000001,250.351915,0
113,1,352.35395500000004,-113.223585,0
113,2,-120.692075,-293.58860000000004,0
113,3,126.022432,-1204.60815,0
113,4,324.904095,-1121.9275499999999,0
113,5,194.19347,-1163.85905,0
113,6,261.313385,-1207.797,0
113,7,-160.65134999999998,-1167.786,0
113,8,-690.139835,-1499.7348,0
113,9,-233.60057999999998,-1151.99345,0
113,10,-316.44105,-1172.0823500000001,0
113,11,-419.01099999999997,-1029.9474,0
113,12,-383.9043,-111.91269,0
113,13,-691.020485,-1167.81155,0
114,0,-13.022206500000001,251.0747,0
114,1,352.30182,-113.170767,0
114,2,-134.297145,-313.757575,0
114,3,126.023815,-1204.5834,0
114,4,325.37960999999996,-1123.4267,0
114,5,194.37218000000001,-1163.5778500000001,0
114,6,261.21469,-1207.6889500000002,0
114,7,-160.68233,-1167.34595,0
114,8,-690.05445,-1500.2271,0
114,9,-233.575195,-1149.1232,0
114,10,-316.492485,-1172.2838000000002,0
114,11,-419.14433499999996,-1029.67263,0
114,12,-383.9712,-112.01182,0
114,13,-691.53595,-1173.8722,0
115,0,-12.791303499999998,250.148725,0
115,1,352.22731,-112.7269095,0
115,2,-121.2273425,-301.78738999999996,0
115,3,126.143688,-1204.8958,0
115,4,325.81305,-1125.1706,0
115,5,194.630305,-1161.6502500000001,0
115,6,261.20414,-1207.8784500000002,0
115,7,-160.88358,-1167.52405,0
115,8,-690.7759000000001,-1505.0151500000002,0
115,9,-233.37396999999999,-1150.74455,0
115,10,-316.48046999999997,-1171.5462,0
115,11,-427.85179,-1108.2377000000001,0
115,12,-384.28677,-112.473755,0
115,13,-712.208,-1180.247,0
116,0,-11.252326,245.87903,0
116,1,352.29885,-113.1901125,0
116,2,-120.939345,-288.388665,0
116,3,126.150015,-1204.9229500000001,0
116,4,325.784665,-1125.0937,0
116,5,194.61958499999997,-1161.7660999999998,0
116,6,261.19862,-1207.78885,0
116,7,-160.916535,-1167.47715,0
116,8,-690.662565,-1504.4576000000002,0
116,9,-233.360345,-1150.56905,0
116,10,-308.733305,-1171.38915,0
116,11,-428.24798499999997,-1110.29185,0
116,12,-384.23746,-112.43839,0
116,13,-712.1484,-1179.0184,0
117,0,-7.739630000000002,236.62258,0
117,1,352.107845,-112.92035,0
117,2,-130.34660000000002,-280.319645,0
117,3,126.15375499999999,-1204.7957000000001,0
117,4,325.75149999999996,-1125.59575,0
117,5,194.595295,-1161.5675,0
117,6,261.2557,-1207.7983,0
117,7,-161.037375,-1167.0331,0
117,8,-690.776285,-1504.527,0
117,9,-233.23209500000002,-1150.3543,0
117,10,-294.32748000000004,-1172.0935,0
117,11,-426.15803500000004,-1091.0907,0
117,12,-384.27368,-112.36758,0
117,13,-691.37705,-1175.03235,0
118,0,-2.8135189999999994,228.771795,0
118,1,352.13269,-112.631795,0
118,2,-133.44071,-327.4409,0
118,3,126.16008,-1204.75885,0
118,4,325.77626,-1125.8388,0
118,5,194.595315,-1162.10885,0
118,6,261.27285,-1208.0295999999998,0
118,7,-161.03674999999998,-1167.4508,0
118,8,-690.75785,-1504.4533999999999,0
118,9,-233.21683000000002,-1150.1489000000001,0
118,10,-316.893635,-1172.3773999999999,0
118,11,-428.06204,-1108.61245,0
118,12,-384.17657,-111.99816,0
118,13,-691.50258,-1176.2395000000001,0
119,0,3.364931500000001,222.66652,0
119,1,352.23498,-112.705622,0
119,2,-125.073092,-317.302825,0
119,3,126.16556750000001,-1204.76215,0
119,4,325.791855,-1126.01825,0
119,5,194.608835,-1162.17585,0
119,6,261.378535,-1208.08855,0
119,7,-160.98337,-1167.4481,0
119,8,-690.7772,-1504.25475,0
119,9,-233.195365,-1149.91545,0
119,10,-294.26297,-1172.086,0
119,11,-427.771895,-1107.6527999999998,0
119,12,-383.81693,-110.3428,0
119,13,-691.338655,-1175.45815,0
120,0,8.764833499999998,218.2756,0
120,1,352.269715,-113.2069025,0
120,2,-119.947237,-330.27269,0
120,3,126.03320500000001,-1204.7404999999999,0
120,4,325.90482,-1125.9301999999998,0
120,5,194.61049500000001,-1162.27305,0
120,6,261.267065,-1208.1096,0
120,7,-160.948595,-1167.5621500000002,0
120,8,-690.57473,-1502.9041000000002,0
120,9,-233.29218,-1150.1592500000002,0
120,10,-317.12779,-1172.2008,0
120,11,-427.989945,-1109.61785,0
120,12,-384.26105,-112.34374,0
120,13,-712.18353,-1181.9263,0
121,0,14.2472865,218.31333999999998,0
121,1,352.22902,-112.973335,0
121,2,-114.0424615,-340.111895,0
121,3,126.05963750000001,-1204.76955,0
121,4,325.93721,-1126.1586000000002,0
121,5,194.738145,-1162.9335,0
121,6,261.25347,-1207.844,0
121,7,-160.955985,-1167.3614499999999,0
121,8,-690.799835,-1503.7776,0
121,9,-233.29556,-1150.2942,0
121,10,-317.070835,-1172.0275000000001,0
121,11,-427.74748,-1106.88725,0
121,12,-384.36722,-112.549545,0
121,13,-690.776245,-1172.77725,0
122,0,22.152983,217.31504,0
122,1,352.2446,-113.28207,0
122,2,-109.880989,-354.445575,0
122,3,126.070225,-1204.7132000000001,0
122,4,325.830865,-1126.24615,0
122,5,194.74917499999998,-1162.9821,0
122,6,261.16019,-1207.9009999999998,0
122,7,-160.866655,-1167.20045,0
122,8,-690.57965,-1503.7496999999998,0
122,9,-233.30480999999997,-1150.3492,0
122,10,-317.049665,-1171.90415,0
122,11,-426.60375,-1095.1957499999999,0
122,12,-384.12634,-112.11889,0
122,13,-690.74065,-1168.9364500000001,0
123,0,32.853245,218.45466499999998,0
123,1,352.295595,-112.957525,0
123,2,-104.28762900000001,-356.02122499999996,0
123,3,126.07135500000001,-1204.6842,0
123,4,325.846865,-1126.3194,0
123,5,194.86061,-1163.04965,0
123,6,261.16716,-1207.94625,0
123,7,-160.85242,-1167.37265,0
123,8,-690.56375,-1503.70435,0
123,9,-233.319055,-1150.6008,0
123,10,-317.11616000000004,-1172.42995,0
123,11,-427.717805,-1105.8739,0
123,12,-384.03082,-111.311905,0
123,13,-690.0156999999999,-1162.2305000000001,0
124,0,46.652846499999995,225.85093,0
124,1,352.18231000000003,-112.8144375,0
124,2,-103.043465,-354.74211,0
124,3,126.05193499999999,-1204.7017,0
124,4,325.76252999999997,-1125.89795,0
124,5,194.75897,-1163.08,0
124,6,261.17034,-1207.8467500000002,0
124,7,-160.85439,-1167.3809,0
124,8,-690.88198,-1504.02855,0
124,9,-233.298965,-1150.6752,0
124,10,-317.05282,-1172.0234,0
124,11,-427.66072499999996,-1105.0556000000001,0
124,12,-384.19974,-112.38621,0
124,13,-711.2127,-1165.3126,0
125,0,60.415651499999996,234.298465,0
125,1,352.23614,-112.962095,0
125,2,-102.003694,-348.30814,0
125,3,125.98102,-1205.05355,0
125,4,325.78067,-1126.06875,0
125,5,194.84048,-1162.91295,0
125,6,261.188645,-1207.9187,0
125,7,-160.84963499999998,-1167.38635,0
125,8,-691.12123,-1505.5131999999999,0
125,9,-233.310815,-1150.5104999999999,0
125,10,-317.082305,-1172.1206,0
125,11,-427.242125,-1103.0225,0
125,12,-384.29715,-112.48201,0
125,13,-711.04315,-1168.7283,0
126,0,70.25370000000001,239.812255,0
126,1,352.13896,-112.10633,0
126,2,-100.832128,-343.24717499999997,0
126,3,126.0181675,-1204.99505,0
126,4,325.77904,-1126.18755,0
126,5,194.813065,-1162.84455,0
126,6,261.169875,-1207.78375,0
126,7,-160.863095,-1167.5236,0
126,8,-691.26212,-1506.0025999999998,0
126,9,-233.2985,-1150.4505,0
126,10,-317.03246,-1172.01135,0
126,11,-425.84886,-1091.3579,0
126,12,-384.05054,-111.91274,0
126,13,-712.6252,-1183.9539,0
127,0,75.5926455,240.633805,0
127,1,352.0852,-112.42524,0
127,2,-100.47739,-346.62708999999995,0
127,3,126.08359999999999,-1204.7614,0
127,4,325.79443000000003,-1126.14505,0
127,5,194.790245,-1162.9167,0
127,6,261.259365,-1207.9347,0
127,7,-160.867905,-1167.62255,0
127,8,-691.62906,-1507.05745,0
127,9,-233.30581999999998,-1150.5216,0
127,10,-294.287575,-1172.2388500000002,0
127,11,-425.1861,-1083.8616000000002,0
127,12,-384.14386,-112.40966,0
127,13,-691.651375,-1176.73385,0
128,0,77.9017685,245.655195,0
128,1,352.03907000000004,-112.29507000000001,0
128,2,-100.1259775,-354.387735,0
128,3,126.090985,-1204.8271,0
128,4,325.79095,-1126.0866500000002,0
128,5,194.82745,-1163.09745,0
128,6,261.240155,-1207.8469,0
128,7,-160.87949,-1167.63075,0
128,8,-691.453795,-1505.65485,0
128,9,-233.3171,-1150.69115,0
128,10,-317.22632,-1172.4875499999998,0
128,11,-427.512365,-1104.90815,0
128,12,-384.12686,-112.23237,0
128,13,-713.1984,-1186.5602,0
129,0,77.0183185,251.44528,0
129,1,352.15094999999997,-112.65631,0
129,2,-99.5679715,-356.33073,0
129,3,125.968315,-1202.55935,0
129,4,325.66234,-1126.0889000000002,0
129,5,194.88180499999999,-1163.492,0
129,6,261.15992,-1208.06165,0
129,7,-160.966655,-1167.6539,0
129,8,-691.14075,-1504.5743499999999,0
129,9,-232.73345,-1149.5758,0
129,10,-317.18489,-1172.219,0
129,11,-428.15840000000003,-1110.67775,0
129,12,-384.2398,-112.37125,0
129,13,-712.8966,-1182.2058,0
130,0,76.90331,254.56509499999999,0
130,1,352.240235,-112.5138225,0
130,2,-97.01616,-360.48772,0
130,3,125.34127799999999,-1197.4046,0
130,4,325.643555,-1125.8706000000002,0
130,5,194.750365,-1163.21225,0
130,6,261.16139,-1208.0812,0
130,7,-160.907215,-1167.5751,0
130,8,-691.26625,-1504.5296,0
130,9,-232.460085,-1149.1671000000001,0
130,10,-317.07627,-1172.1684500000001,0
130,11,-427.469135,-1106.1648,0
130,12,-384.1521,-111.75208,0
130,13,-712.8836,-1181.7281,0
131,0,77.9871165,257.78408,0
131,1,352.33172,-112.92926,0
131,2,-94.76536999999999,-368.701815,0
131,3,125.99803500000002,-1204.2192,0
131,4,325.64302499999997,-1125.9759,0
131,5,194.752745,-1162.7709,0
131,6,261.30045,-1208.6077500000001,0
131,7,-160.88932499999999,-1167.2023,0
131,8,-691.319305,-1505.89195,0
131,9,-232.75708,-1149.3467,0
131,10,-317.04097,-1172.96235,0
131,11,-420.64853500000004,-1042.81705,0
131,12,-384.10333,-111.47608,0
131,13,-690.557425,-1163.42785,0
132,0,81.2740955,260.816105,0
132,1,352.35689,-113.182158,0
132,2,-93.1484015,-369.16641500000003,0
132,3,125.9132775,-1204.393,0
132,4,325.64315,-1125.96515,0
132,5,194.89541,-1163.4085,0
132,6,261.318005,-1208.75975,0
132,7,-161.02573999999998,-1166.8993,0
132,8,-691.13288,-1504.5189,0
132,9,-232.82852,-1150.893,0
132,10,-316.8352,-1173.6578,0
132,11,-419.99984500000005,-1039.04535,0
132,12,-384.14255,-111.54957,0
132,13,-691.2193,-1169.8099,0
133,0,84.8734575,265.48048500000004,0
133,1,352.320905,-112.72962949999999,0
133,2,-92.571905,-366.28399,0
133,3,125.79335,-1204.3863000000001,0
133,4,325.601085,-1125.7738,0
133,5,194.59728,-1162.7892,0
133,6,261.42447500000003,-1208.763,0
133,7,-160.75484,-1167.2662500000001,0
133,8,-691.21758,-1504.6248,0
133,9,-232.887395,-1149.5519,0
133,10,-316.71652,-1173.7328,0
133,11,-425.67648499999996,-1087.26255,0
133,12,-383.2339,-109.801155,0
133,13,-689.3574550000001,-1150.1684500000001,0
134,0,88.4303235,266.33331,0
134,1,352.340685,-112.93035499999999,0
134,2,-93.98601500000001,-370.550945,0
134,3,125.80815,-1204.6413499999999,0
134,4,325.58223,-1125.5283,0
134,5,194.6327,-1163.12555,0
134,6,261.242635,-1208.8899999999999,0
134,7,-160.6372,-1165.8788,0
134,8,-691.17005,-1504.31395,0
134,9,-232.72107499999998,-1153.76715,0
134,10,-316.73395,-1174.1028999999999,0
134,11,-425.40031,-1085.36925,0
134,12,-378.84482,-102.895546,0
134,13,-690.513875,-1159.38175,0
135,0,91.63759,269.41497000000004,0
135,1,352.328295,-112.9578975,0
135,2,-96.5628775,-370.02110500000003,0
135,3,125.90806,-1204.8299,0
135,4,325.604405,-1125.716,0
135,5,194.77428500000002,-1162.7136,0
135,6,261.21637499999997,-1208.6637500000002,0
135,7,-160.69187499999998,-1167.6202,0
135,8,-691.18245,-1504.38995,0
135,9,-233.59333500000002,-1157.4505,0
135,10,-316.768445,-1173.7002,0
135,11,-418.49504,-1025.2853300000002,0
135,12,-375.02502,-96.49718,0
135,13,-690.5911000000001,-1158.3355999999999,0
136,0,94.94279499999999,273.897245,0
136,1,352.301145,-112.819925,0
136,2,-97.266623,-372.70075999999995,0
136,3,126.011065,-1204.6772999999998,0
136,4,325.83501,-1125.68655,0
136,5,194.830175,-1163.57725,0
136,6,261.45385999999996,-1208.9850000000001,0
136,7,-160.793875,-1167.80065,0
136,8,-691.0516,-1503.8395,0
136,9,-232.846815,-1158.4654500000001,0
136,10,-316.75018,-1173.3744,0
136,11,-418.550565,-1027.46265,0
136,12,-372.42828,-91.76367,0
136,13,-690.996075,-1162.68125,0
137,0,96.800477,280.76239,0
137,1,352.406435,-112.9101,0
137,2,-97.579133,-372.43881,0
137,3,125.90333799999999,-1204.5812500000002,0
137,4,325.56322,-1125.45045,0
137,5,194.86037,-1160.40315,0
137,6,261.3369,-1208.65025,0
137,7,-160.810965,-1167.64565,0
137,8,-691.5563,-1504.82715,0
137,9,-229.682935,-1156.3323,0
137,10,-316.58907999999997,-1172.52115,0
137,11,-418.98134,-1030.758475,0
137,12,-374.075985,-46.479585,0
137,13,-689.13638,-1148.98425,0
138,0,97.35011,283.93537000000003,0
138,1,352.38006,-112.389377,0
138,2,-97.301838,-373.40848,0
138,3,125.90696499999999,-1204.476,0
138,4,325.24475,-1123.9198000000001,0
138,5,194.523165,-1161.20775,0
138,6,261.44854,-1208.7651999999998,0
138,7,-160.810395,-1167.61905,0
138,8,-691.2998,-1504.3362499999998,0
138,9,-229.594925,-1155.5736499999998,0
138,10,-316.599445,-1172.5102499999998,0
138,11,-424.80144,-1081.41075,0
138,12,-372.62302,-42.480322,0
138,13,-691.563175,-1167.0428,0
139,0,96.702485,286.607255,0
139,1,352.16669,-111.93611,0
139,2,-94.5198,-377.31624999999997,0
139,3,125.905577,-1204.1617999999999,0
139,4,325.23294,-1124.8791,0
139,5,194.598315,-1161.59035,0
139,6,261.55143,-1209.2564,0
139,7,-160.60067,-1168.2356,0
139,8,-691.237685,-1504.36935,0
139,9,-233.43291,-1153.4987,0
139,10,-316.69849999999997,-1171.47085,0
139,11,-422.73797,-1065.7084,0
139,12,-372.251405,-41.3311075,0
139,13,-689.023175,-1149.6407,0
140,0,95.68834,289.208665,0
140,1,352.1725,-112.45873499999999,0
140,2,-91.33856499999999,-386.36889499999995,0
140,3,125.895025,-1203.92155,0
140,4,325.18252500000006,-1124.71115,0
140,5,194.71283499999998,-1162.1831,0
140,6,261.37978,-1209.15565,0
140,7,-160.794245,-1167.9922499999998,0
140,8,-691.377185,-1504.73835,0
140,9,-234.26214499999998,-1151.3103,0
140,10,-316.518955,-1171.24515,0
140,11,-421.015725,-1053.28665,0
140,12,-372.26448500000004,-40.8844355,0
140,13,-691.7480499999999,-1168.55595,0
141,0,95.050562,293.523755,0
141,1,352.28038000000004,-112.777818,0
141,2,-87.38622749999999,-396.63441,0
141,3,126.017855,-1204.08625,0
141,4,325.27107,-1125.15935,0
141,5,194.89664499999998,-1163.7856499999998,0
141,6,260.76430500000004,-1207.68695,0
141,7,-160.791765,-1169.59835,0
141,8,-691.677185,-1504.5569,0
141,9,-235.080575,-1150.7822999999999,0
141,10,-316.6821,-1170.6365,0
141,11,-421.31187,-1054.3659,0
141,12,-372.60704,-38.515198999999996,0
141,13,-688.56123,-1147.3020999999999,0
142,0,94.631508,296.17951,0
142,1,352.26382,-112.992095,0
142,2,-83.714978,-411.34593,0
142,3,125.8982025,-1203.9731000000002,0
142,4,325.21492,-1124.8229999999999,0
142,5,194.933295,-1163.4955,0
142,6,261.18891,-1205.877,0
142,7,-157.134455,-1168.58525,0
142,8,-691.15491,-1503.83885,0
142,9,-235.000025,-1152.474,0
142,10,-316.722105,-1171.3761,0
142,11,-422.72437,-1064.94495,0
142,12,-373.448715,-37.546758499999996,0
142,13,-689.752415,-1153.6132,0
143,0,93.0357975,298.233365,0
143,1,352.286605,-112.332195,0
143,2,-79.1001275,-430.01646500000004,0
143,3,125.778977,-1203.98175,0
143,4,325.21278,-1124.7783,0
143,5,194.753625,-1163.4836500000001,0
143,6,273.75214500000004,-1204.8593,0
143,7,-160.577995,-1167.62495,0
143,8,-691.17713,-1503.4718,0
143,9,-239.151265,-1222.0158000000001,0
143,10,-316.61665500000004,-1171.89895,0
143,11,-421.175565,-1051.1282999999999,0
143,12,-372.8909,-37.7772255,0
143,13,-687.90285,-1141.3157,0
144,0,91.234362,300.55077,0
144,1,352.34726,-112.8306,0
144,2,-73.279325,-441.03784,0
144,3,125.76628,-1204.1766499999999,0
144,4,325.19892,-1124.62835,0
144,5,194.81597,-1162.9497000000001,0
144,6,261.270555,-1210.3217,0
144,7,-160.39582000000001,-1168.3673,0
144,8,-691.1632999999999,-1503.4652,0
144,9,-233.623595,-1163.50545,0
144,10,-316.746015,-1171.333,0
144,11,-421.873685,-1059.85635,0
144,12,-372.662995,-36.042699999999996,0
144,13,-689.49455,-1151.647,0
145,0,89.58740800000001,306.46693500000003,0
145,1,352.36285499999997,-112.1921175,0
145,2,-69.01767000000001,-454.23539,0
145,3,125.89391499999999,-1204.11845,0
145,4,325.284675,-1125.0554000000002,0
145,5,194.84126500000002,-1162.46975,0
145,6,261.443775,-1207.44145,0
145,7,-156.990365,-1170.5160500000002,0
145,8,-691.049365,-1503.2177,0
145,9,-236.342445,-1160.13535,0
145,10,-293.408935,-1169.5614,0
145,11,-420.65549,-1048.3931,0
145,12,-371.77895,-35.321741,0
145,13,-688.97632,-1148.9701,0
146,0,86.624945,316.42215,0
146,1,352.40961500000003,-112.757093,0
146,2,-64.8519235,-462.831465,0
146,3,125.90458,-1204.1408000000001,0
146,4,325.31813,-1124.6911,0
146,5,194.745995,-1162.23265,0
146,6,261.86812,-1209.5505,0
146,7,-156.800235,-1168.7981,0
146,8,-691.1135750000001,-1502.9808,0
146,9,-238.419065,-1215.8783,0
146,10,-316.509855,-1170.5635499999999,0
146,11,-421.03575,-1051.68545,0
146,12,-370.71925,-34.11994,0
146,13,-689.1556250000001,-1151.2081,0
147,0,84.69232500000001,327.00421,0
147,1,352.27311999999995,-113.31078,0
147,2,-59.239393500000006,-470.006775,0
147,3,125.812795,-1204.1271000000002,0
147,4,325.315965,-1123.9711000000002,0
147,5,194.83992,-1162.34105,0
147,6,261.523885,-1209.1138,0
147,7,-159.754365,-1167.34205,0
147,8,-691.19385,-1503.54645,0
147,9,-234.678745,-1162.48515,0
147,10,-316.86974999999995,-1170.2201,0
147,11,-417.44264999999996,-1020.948985,0
147,12,-370.34902999999997,-33.7558095,0
147,13,-690.34157,-1160.58945,0
148,0,84.0969,334.548405,0
148,1,352.17126499999995,-112.78943000000001,0
148,2,-55.5781165,-467.866275,0
148,3,125.817595,-1204.20425,0
148,4,325.2766,-1124.2121,0
148,5,194.73086,-1162.64325,0
148,6,261.406745,-1208.74,0
148,7,-160.240765,-1170.7898500000001,0
148,8,-691.227575,-1503.87085,0
148,9,-235.9573,-1162.0964,0
148,10,-316.56285,-1170.0450500000002,0
148,11,-418.276795,-1027.34015,0
148,12,-370.35681,-34.118345500000004,0
148,13,-690.540865,-1163.3737999999998,0
149,0,83.255635,340.67824,0
149,1,352.35015,-113.07529500000001,0
149,2,-51.6459065,-469.66958999999997,0
149,3,125.70978500000001,-1204.3757,0
149,4,325.66466,-1125.2067,0
149,5,194.69782500000002,-1161.9298,0
149,6,261.330725,-1208.66105,0
149,7,-160.44749000000002,-1173.0905,0
149,8,-691.4178449999999,-1504.80305,0
149,9,-237.580555,-1170.7818499999998,0
149,10,-331.19435,-1171.4918499999999,0
149,11,-417.77644,-1023.7798250000001,0
149,12,-370.639525,-33.841363,0
149,13,-689.90803,-1155.68435,0
150,0,82.617761,344.03165,0
150,1,352.16634999999997,-112.425846,0
150,2,-47.738659999999996,-474.52824499999997,0
150,3,125.93052499999999,-1204.47815,0
150,4,325.36015499999996,-1124.1408999999999,0
150,5,194.43758,-1162.5703,0
150,6,261.328065,-1208.6869000000002,0
150,7,-162.47789,-1179.33045,0
150,8,-691.41778,-1504.82685,0
150,9,-238.160145,-1171.4005499999998,0
150,10,-316.05436499999996,-1168.61715,0
150,11,-418.04594499999996,-1027.7197999999999,0
150,12,-370.61046,-33.6361005,0
150,13,-689.7706000000001,-1155.3865,0
151,0,82.680139,344.44186,0
151,1,352.13022,-112.0542,0
151,2,-44.89644800000001,-479.28333999999995,0
151,3,125.81089700000001,-1204.2786999999998,0
151,4,325.52745,-1124.69965,0
151,5,194.726315,-1162.4436,0
151,6,261.40477999999996,-1208.56875,0
151,7,-164.12130000000002,-1189.4461500000002,0
151,8,-691.43741,-1504.9067,0
151,9,-237.652375,-1167.63625,0
151,10,-315.64036999999996,-1169.77545,0
151,11,-418.47797,-1029.34345,0
151,12,-370.359955,-33.493176500000004,0
151,13,-690.007835,-1157.33375,0
152,0,82.9688365,344.558395,0
152,1,352.28776500000004,-112.451645,0
152,2,-40.60324,-488.87974499999996,0
152,3,125.92554000000001,-1204.1474,0
152,4,325.51535,-1124.8698,0
152,5,194.70468,-1162.20485,0
152,6,261.325875,-1208.66555,0
152,7,-164.16528499999998,-1193.2497,0
152,8,-691.4634000000001,-1505.09485,0
152,9,-236.753745,-1172.72125,0
152,10,-315.476865,-1167.71515,0
152,11,-417.93915,-1025.68477,0
152,12,-370.571105,-34.066785499999995,0
152,13,-690.069335,-1160.72365,0
153,0,83.98637,341.3208,0
153,1,352.29271,-112.035123,0
153,2,-34.784896,-501.965765,0
153,3,125.81419249999999,-1204.1862999999998,0
153,4,325.487595,-1124.69765,0
153,5,194.682235,-1161.99395,0
153,6,261.32896500000004,-1208.5848,0
153,7,-164.545555,-1194.5403000000001,0
153,8,-691.46997,-1505.1210999999998,0
153,9,-238.04953999999998,-1182.6628999999998,0
153,10,-315.22136,-1168.74045,0
153,11,-417.869065,-1027.8200000000002,0
153,12,-370.533345,-33.2505965,0
153,13,-690.54277,-1164.4160000000002,0
154,0,83.910275,339.869185,0
154,1,352.192795,-112.160215,0
154,2,-28.909445,-514.7882999999999,0
154,3,125.8135725,-1204.2292,0
154,4,325.627385,-1124.91685,0
154,5,194.640795,-1161.6921499999999,0
154,6,261.35883,-1208.80455,0
154,7,-164.25385,-1195.72615,0
154,8,-691.339915,-1504.38985,0
154,9,-240.68787500000002,-1197.3062,0
154,10,-307.85659499999997,-1169.338,0
154,11,-417.87447,-1027.4906,0
154,12,-370.82379000000003,-32.701043999999996,0
154,13,-690.770505,-1167.28735,0
155,0,83.2407205,338.738605,0
155,1,352.10294999999996,-112.930295,0
155,2,-20.3443335,-526.79322,0
155,3,125.816055,-1204.10565,0
155,4,325.62708499999997,-1124.7765,0
155,5,194.655795,-1161.6522,0
155,6,261.41112499999997,-1208.31695,0
155,7,-164.328505,-1194.4214000000002,0
155,8,-691.4545499999999,-1505.42775,0
155,9,-242.516615,-1208.2938,0
155,10,-307.51391,-1167.06485,0
155,11,-417.423855,-1024.177535,0
155,12,-371.11744,-32.7711985,0
155,13,-690.54526,-1164.7518,0
156,0,82.36386,339.61224000000004,0
156,1,352.047735,-112.44118,0
156,2,-13.684460000000001,-537.0976,0
156,3,125.80715000000001,-1204.19055,0
156,4,325.59244,-1124.5345,0
156,5,194.65675,-1161.76105,0
156,6,261.346065,-1208.6300999999999,0
156,7,-164.04254500000002,-1192.7395,0
156,8,-691.13608,-1504.7858999999999,0
156,9,-246.40617000000003,-1207.74685,0
156,10,-307.187835,-1167.37575,0
156,11,-419.511995,-1044.1884,0
156,12,-370.289825,-33.1602195,0
156,13,-690.6587850000001,-1165.4239499999999,0
157,0,81.3902575,342.20659,0
157,1,352.14725,-111.7171275,0
157,2,-6.51175575,-548.29852,0
157,3,125.783805,-1204.1061,0
157,4,325.59646999999995,-1124.5744,0
157,5,194.66140000000001,-1161.774,0
157,6,261.447995,-1208.8041,0
157,7,-163.915485,-1193.40125,0
157,8,-691.385,-1505.71435,0
157,9,-250.103075,-1207.3988,0
157,10,-322.72012,-1170.9908,0
157,11,-422.71270000000004,-1071.29725,0
157,12,-370.91382,-33.6744315,0
157,13,-690.0672,-1160.5929,0
158,0,80.614865,342.294115,0
158,1,352.302855,-112.33895000000001,0
158,2,0.9447485000000002,-550.4972250000001,0
158,3,125.76953,-1204.0529999999999,0
158,4,325.58876,-1124.5248,0
158,5,194.66933,-1161.7458000000001,0
158,6,261.34175,-1208.72805,0
158,7,-169.21900499999998,-1194.68865,0
158,8,-691.253965,-1504.95605,0
158,9,-247.14821999999998,-1202.9594499999998,0
158,10,-308.117845,-1170.3596499999999,0
158,11,-420.83513,-1054.8883500000002,0
158,12,-371.533495,-33.6816635,0
158,13,-690.077265,-1157.76825,0
159,0,79.25639,343.43390999999997,0
159,1,352.24210000000005,-111.904898,0
159,2,9.6171835,-564.258145,0
159,3,125.883825,-1203.9556,0
159,4,325.6426,-1123.8400000000001,0
159,5,194.65422,-1161.92145,0
159,6,261.45145,-1208.7987,0
159,7,-169.21348,-1193.7953499999999,0
159,8,-691.434215,-1505.2730999999999,0
159,9,-242.93392,-1204.0557,0
159,10,-307.831145,-1172.01975,0
159,11,-420.89476,-1054.7237,0
159,12,-371.090425,-34.57688,0
159,13,-689.7311649999999,-1154.4279000000001,0
160,0,77.163834,341.58867,0
160,1,352.107685,-111.796775,0
160,2,17.6714435,-579.737985,0
160,3,125.774395,-1204.1266,0
160,4,325.55827,-1124.1336000000001,0
160,5,194.668035,-1161.6161,0
160,6,261.331525,-1208.62355,0
160,7,-161.781795,-1192.9506999999999,0
160,8,-691.4765,-1505.4551000000001,0
160,9,-242.06380000000001,-1201.7435500000001,0
160,10,-307.80759,-1171.9325,0
160,11,-421.123965,-1057.6885499999999,0
160,12,-371.77931,-34.2047975,0
160,13,-690.2498,-1157.56775,0
161,0,74.9115185,338.444385,0
161,1,352.228985,-111.80395,0
161,2,24.30984158,-587.8431,0
161,3,125.72709699999999,-1203.88105,0
161,4,325.654625,-1123.9974,0
161,5,194.795545,-1162.036,0
161,6,261.28215,-1208.36455,0
161,7,-161.657715,-1194.3766,0
161,8,-691.543475,-1505.49885,0
161,9,-240.4624,-1202.4605999999999,0
161,10,-308.47096,-1174.0327499999999,0
161,11,-422.162555,-1064.94025,0
161,12,-372.49645999999996,-33.381105,0
161,13,-690.22885,-1157.3652000000002,0
162,0,72.178222,336.57268,0
162,1,352.112,-111.723503,0
162,2,29.6841142,-594.4119149999999,0
162,3,125.7135825,-1203.70175,0
162,4,325.58936,-1124.6895,0
162,5,194.790885,-1162.2024999999999,0
162,6,261.31707,-1208.559,0
162,7,-161.764815,-1193.74955,0
162,8,-691.237475,-1504.4658,0
162,9,-240.86324000000002,-1201.90525,0
162,10,-308.04425000000003,-1172.0139,0
162,11,-422.378965,-1063.20545,0
162,12,-371.937235,-33.652355,0
162,13,-692.0307,-1172.97395,0
163,0,69.040268,337.880365,0
163,1,351.99543500000004,-111.789995,0
163,2,35.901875000000004,-599.2500749999999,0
163,3,125.68585999999999,-1203.38105,0
163,4,325.473315,-1124.74105,0
163,5,194.67161,-1162.2001,0
163,6,261.33513,-1208.66495,0
163,7,-161.77114999999998,-1192.3602,0
163,8,-691.22143,-1505.09935,0
163,9,-249.12024000000002,-1201.31295,0
163,10,-292.74995,-1170.3632499999999,0
163,11,-421.048905,-1051.38065,0
163,12,-371.385815,-34.724868,0
163,13,-691.55115,-1170.9144999999999,0
